Id;Label;Rank
3152707;Abelmoschus esculentus;SPECIES
2684876;Abies;GENUS
2558224;Absidia;GENUS
5250615;Absidia glauca;SPECIES
2979775;Acacia mearnsii;SPECIES
5415455;Acanthus mollis;SPECIES
6102;Acaridae;FAMILY
7384897;Acaryophrya collaris;SPECIES
2560108;Acaulospora;GENUS
2560113;Acaulospora laevis;SPECIES
3301;Acaulosporaceae;FAMILY
4728;Acetobacteraceae;FAMILY
2308383;Achaeta;GENUS
8265293;Achaeta affinis;SPECIES
8391327;Achaeta bifollicula;SPECIES
4409927;Achaeta cf. bohemica PDW-2010;SPECIES
8750602;Achaeta unibulba;SPECIES
3119995;Achillea;GENUS
9221087;Achillea millefolium;SPECIES
120786288;Acidiferrobacteraceae;FAMILY
113956867;Acidiferrobacterales;ORDER
3848;Acidimicrobiaceae;FAMILY
8368729;Acidimicrobiales;ORDER
102523866;Acidimicrobiia;CLASS
3225859;Acidimicrobium;GENUS
3221548;Acidisphaera;GENUS
7462160;Aciditerrimonas;GENUS
25;Acidobacteria;PHYLUM
3811;Acidobacteriaceae;FAMILY
1197;Acidobacteriales;ORDER
25C1;Acidobacteriia;CLASS
3229010;Acidobacterium;GENUS
8071;Acidothermaceae;FAMILY
119722320;Acidothermales;ORDER
3224612;Acidothermus;GENUS
3220140;Acidovorax;GENUS
7939212;Acineria uncinata;SPECIES
7350821;Acineta flava;SPECIES
3223263;Acinetobacter;GENUS
2283761;Acrobeles;GENUS
2283754;Acrobeloides;GENUS
7805141;Acropisthiidae;FAMILY
7738789;Acropisthium mutabile;SPECIES
4790;Acrospermaceae;FAMILY
1261;Acrospermales;ORDER
9044526;Acrospermum;GENUS
8657939;Acrospermum gramineum;SPECIES
3189694;Actinidia chinensis;SPECIES
8066383;Actinoallomurus;GENUS
103018377;Actinobacteria;PHYLUM
7465520;Actinobolina vorax;SPECIES
3224487;Actinocatenispora;GENUS
6342;Actinochloridaceae;FAMILY
2641638;Actinochloris;GENUS
3225210;Actinomadura;GENUS
9407921;Actinomyces;GENUS
3812;Actinomycetaceae;FAMILY
1198;Actinomycetales;ORDER
3224204;Actinoplanes;GENUS
4902454;Actinospicaceae;FAMILY
2077398;Acyrthosiphon;GENUS
2077503;Acyrthosiphon pisum;SPECIES
3228858;Adhaeribacter;GENUS
1000789;Adineta;GENUS
1000794;Adineta vaga;SPECIES
3878;Adinetida;ORDER
3878C1;Adinetidae;FAMILY
3034619;Aegopodium;GENUS
3224336;Aeromicrobium;GENUS
7736279;Aeromicrobium panaciterrae;SPECIES
1499;Agaricales;ORDER
186;Agaricomycetes;CLASS
1143;Agaricostilbales;ORDER
274;Agaricostilbomycetes;CLASS
5401673;Ageratum conyzoides;SPECIES
5401760;Ageratum houstonianum;SPECIES
3001953;Agrimonia;GENUS
3001959;Agrimonia pubescens;SPECIES
1162125;Agriotes;GENUS
4308843;Agriotes sordidus;SPECIES
3225265;Agromyces;GENUS
2705193;Agropyron;GENUS
2706653;Agropyron repens;SPECIES
2706434;Agrostis;GENUS
2706490;Agrostis capillaris;SPECIES
2706439;Agrostis palustris;SPECIES
2706435;Agrostis stolonifera;SPECIES
2596;Alaimidae;FAMILY
2282770;Alaimus;GENUS
5437;Alcaligenaceae;FAMILY
7890713;Alchemilla vulgaris;SPECIES
4652288;Aleuroglyphus;GENUS
5860704;Aleuroglyphus ovatus;SPECIES
2945087;Alhagi;GENUS
2945106;Alhagi persarum;SPECIES
2128073;Alicorhagia;GENUS
2825;Alicorhagiidae;FAMILY
2856126;Allium cardiostemon;SPECIES
2857697;Allium cepa;SPECIES
2856681;Allium sativum;SPECIES
7995218;Allolobophora;GENUS
4410938;Allolobophora chlorotica;SPECIES
9426362;Allovahlkampfia;GENUS
2876099;Alnus;GENUS
2777937;Aloe plicatilis;SPECIES
197;Alphaproteobacteria;CLASS
4901674;Altererythrobacter;GENUS
9330269;Altererythrobacter buctense;SPECIES
7388975;Alternaria;GENUS
3064;Amaranthaceae;FAMILY
3085074;Amaranthus;GENUS
4378324;Amastigomonas;GENUS
4378326;Amastigomonas mutabilis;SPECIES
2560215;Ambispora;GENUS
2560223;Ambispora fennica;SPECIES
2560216;Ambispora gerdemannii;SPECIES
3303;Ambisporaceae;FAMILY
3220999;Aminobacter;GENUS
3034182;Ammi majus;SPECIES
4202;Amoebidiaceae;FAMILY
3210246;Amoebidium;GENUS
3210250;Amoebidium parasiticum;SPECIES
7509337;Amoebozoa;PHYLUM
2282756;Amphidelus;GENUS
2282769;Amphidelus cf. pusillus 9 Mile 3-17 LP-02;SPECIES
7891174;Amphileptidae;FAMILY
7834375;Amphileptus;GENUS
7521030;Amphimallon;GENUS
1063891;Amphimallon solstitiale;SPECIES
6145343;Amphisiella binucleata;SPECIES
7764311;Amphisiella magnigranulosa;SPECIES
8034554;Amphisiella polycirrata;SPECIES
7981328;Amphisiella quadrinucleata;SPECIES
7928292;Amphisiella raptans;SPECIES
7405898;Amphisiella vitiphila;SPECIES
7959387;Amphisiellidae;FAMILY
8053161;Amphisiellides illuvialis;SPECIES
7842856;Amplimerlinius;GENUS
4556265;Amplimerlinius icarus;SPECIES
3224850;Amycolatopsis;GENUS
3224882;Amycolatopsis tolypomycina;SPECIES
4903399;Anaerolineaceae;FAMILY
298;Anaerolineae;CLASS
8229939;Anaerolineales;ORDER
3220545;Anaeromyxobacter;GENUS
115441182;Anaeromyxobacteraceae;FAMILY
6509;Anatonchidae;FAMILY
2282576;Anatonchus;GENUS
2282578;Anatonchus tridentatus;SPECIES
4089;Ancylistaceae;FAMILY
3034645;Anethum;GENUS
5371808;Angelica archangelica;SPECIES
5371818;Angelica sylvestris;SPECIES
2553;Anguinidae;FAMILY
7607957;Angustibacter;GENUS
7892291;Angustibacter luteus;SPECIES
7943637;Anoplophrya;GENUS
8254023;Anoplophrya marylandensis;SPECIES
8019241;Anoplophryidae;FAMILY
8167254;Anteholosticha;GENUS
7784418;Anteholosticha gracilis;SPECIES
8090887;Anteholosticha monilata;SPECIES
8167254C1;Anteholosticha rectangula;SPECIES
9223407;Anthonomus;GENUS
5013559;Anthonomus grandis;SPECIES
5371743;Anthriscus caucalis;SPECIES
6027243;Anthriscus nemorosa;SPECIES
5371742;Anthriscus sylvestris;SPECIES
2824;Anystidae;FAMILY
2131873;Anystis;GENUS
3202934;Aphanomyces;GENUS
6492;Aphelenchidae;FAMILY
2284354;Aphelenchoides;GENUS
2566;Aphelenchoididae;FAMILY
2284394;Aphelenchus;GENUS
2284396;Aphelenchus avenae;SPECIES
3042;Aphididae;FAMILY
1269075;Aphidius;GENUS
1269085;Aphidius ervi;SPECIES
2049562;Aphis;GENUS
9313493;Aphodius;GENUS
4424949;Aphodius johnsoni;SPECIES
2024716;Aphrodes;GENUS
2024738;Aphrodes hamiltoni;SPECIES
6720;Apiaceae;FAMILY
1351;Apiales;ORDER
4334;Apidae;FAMILY
7239018;Apiotrichum;GENUS
3295536;Apiotrichum porosum;SPECIES
7799978;Apis;GENUS
1341976;Apis mellifera;SPECIES
3034812;Apium;GENUS
8181547;Apoamphisiella tihanyiensis;SPECIES
7390440;Apobryophyllum terricola;SPECIES
7535686;Apocolpoda africana;SPECIES
6701;Apocynaceae;FAMILY
2282747;Aporcelaimellus;GENUS
5986;Aporcelaimidae;FAMILY
2307755;Aporrectodea;GENUS
2307759;Aporrectodea caliginosa;SPECIES
2307757;Aporrectodea longa;SPECIES
2307760;Aporrectodea rosea;SPECIES
3094355;Aposeris foetida;SPECIES
9669912;Apusomonadida;ORDER
4378322;Apusomonadidae;FAMILY
4892213;Apusomonas;GENUS
4892213C1;Apusomonas proboscidea;SPECIES
103062177;Apusozoa;PHYLUM
6716;Aquifoliaceae;FAMILY
7226638;Aquifoliales;ORDER
5353770;Arachis hypogaea;SPECIES
367;Arachnida;CLASS
3285828;Arachnula;GENUS
3285828C1;Arachnula impatiens;SPECIES
978;Araeolaimida;ORDER
1496;Araneae;ORDER
760;Arcellinida;ORDER
2;Archaea;KINGDOM
7628767;Archaeorhizomyces;GENUS
8139865;Archaeorhizomyces borealis;SPECIES
7870834;Archaeorhizomyces finlayi;SPECIES
8392964;Archaeorhizomycetaceae;FAMILY
7796702;Archaeorhizomycetales;ORDER
7701815;Archaeorhizomycetes;CLASS
2560211;Archaeospora;GENUS
2560212;Archaeospora trappei;SPECIES
3302;Archaeosporaceae;FAMILY
1149;Archaeosporales;ORDER
8124979;Archinassula muscicola;SPECIES
8106066;Arctium;GENUS
7995850;Arcuospathidium;GENUS
7784323;Arcuospathidium atypicum;SPECIES
8276304;Arcuospathidium cooperi;SPECIES
7713932;Arcuospathidium cultriforme;SPECIES
7805176;Arcuospathidium japonicum;SPECIES
7995850C1;Arcuospathidium lionotiforme;SPECIES
7595878;Arcuospathidium namibiense;SPECIES
7995850C2;Arcuospathidium rnuscorum;SPECIES
7507923;Arcuospathidium vermiforme;SPECIES
5384500;Arenaria fendleri;SPECIES
6363690;Arenaria peploides;SPECIES
4889775;Arenimonas;GENUS
7400549;Arenimonas daechungensis;SPECIES
3034509;Arracacia xanthorrhiza;SPECIES
3120641;Artemisia;GENUS
3120957;Artemisia parviflora;SPECIES
3223550;Arthrobacter;GENUS
54;Arthropoda;PHYLUM
9381748;Articulospora;GENUS
9381748C1;Articulospora proliferata;SPECIES
8395;Ascobolaceae;FAMILY
2569641;Ascobolus;GENUS
2595607;Ascobolus stercorarius;SPECIES
95;Ascomycota;PHYLUM
1169;Asparagales;ORDER
2768885;Asparagus officinalis;SPECIES
3563703;Aspergillaceae;FAMILY
8884233;Aspergillus;GENUS
2916597;Asperula;GENUS
7721525;Aspidisca cicada;SPECIES
7364238;Aspidisca lynceus;SPECIES
3065;Asteraceae;FAMILY
414;Asterales;ORDER
3192674;Asterionella;GENUS
2519875;Asterostroma;GENUS
2552703;Asterostroma andinum;SPECIES
374;Astigmata;ORDER
8072279;Astomatida;ORDER
8011702;Athous;GENUS
528;Atractiellales;ORDER
155;Atractiellomycetes;CLASS
3122426;Atractylodes;GENUS
5735146;Aulacorthum;GENUS
2076745;Aulacorthum solani;SPECIES
4724;Aurantimonadaceae;FAMILY
7984308;Auricularia;GENUS
7868482;Australocirrus octonucleatus;SPECIES
8307655;Australocirrus oscitans;SPECIES
7644213;Australothrix alwinae;SPECIES
7520435;Australothrix australis;SPECIES
8376435;Australothrix steineri;SPECIES
2118069;Austropallene;GENUS
2118078;Austropallene cornigera;SPECIES
2595861;Auxarthron;GENUS
2705282;Avena;GENUS
2705290;Avena sativa;SPECIES
2891641;Averrhoa carambola;SPECIES
8300719;Avestina acuta;SPECIES
7715672;Avestina ludwigi;SPECIES
3221657;Azospirillum;GENUS
8113;Bacillaceae;FAMILY
576;Bacillales;ORDER
8316869;Bacillariaceae;FAMILY
7489174;Bacillariales;ORDER
7947184;Bacillariophyceae;CLASS
7947184C1;Bacillariophycidae;CLASS
8176985;Bacillariophyta;PHYLUM
303;Bacilli;CLASS
3227637;Bacillus;GENUS
3;Bacteria;KINGDOM
8933;Bacteriovoracaceae;FAMILY
3220694;Bacteriovorax;GENUS
8095;Bacteroidaceae;FAMILY
1203;Bacteroidales;ORDER
3222857;Bacteroides;GENUS
81;Bacteroidetes;PHYLUM
102518259;Bacteroidetes Order II. Incertae sedis;ORDER
7498440;Bacteroidia;CLASS
7865;Baetidae;FAMILY
8280112;Bakuella edaphoni;SPECIES
7976171;Bakuella pampinaria;SPECIES
7674205;Balantidioides bivacuolata;SPECIES
7750523;Balantidioides corbifera;SPECIES
7747477;Balantidioides dragescoi;SPECIES
7442939;Balantidioides muscicola;SPECIES
6699;Balsaminaceae;FAMILY
2670791;Barbula;GENUS
5280516;Barbula unguiculata;SPECIES
8403767;Bardeliella;GENUS
7618777;Bardeliella pulchra;SPECIES
7963515;Bardeliellidae;FAMILY
1198599;Barynotus;GENUS
1198632;Barynotus moerens;SPECIES
1198651;Barynotus obscurus;SPECIES
8270;Basidiobolaceae;FAMILY
860;Basidiobolales;ORDER
103800000;Basidiobolomycetes;CLASS
2558164;Basidiobolus;GENUS
34;Basidiomycota;PHYLUM
9572544;Basiria;GENUS
2283334;Bastiania;GENUS
2283337;Bastiania gracilis;SPECIES
1234;Bdelloidea;ORDER
3220688;Bdellovibrio;GENUS
8292626;Bdellovibrio exovorus;SPECIES
8932;Bdellovibrionaceae;FAMILY
652;Bdellovibrionales;ORDER
2560584;Beauveria;GENUS
7813;Beijerinckiaceae;FAMILY
4903400;Bellilinea;GENUS
3033893;Berberis;GENUS
3034699;Berula erecta;SPECIES
8971274;Beta vulgaris;SPECIES
337;Betaproteobacteria;CLASS
2927280;Betonica officinalis;SPECIES
4688;Betulaceae;FAMILY
7429265;Bicoronella costaricana;SPECIES
3202325;Bicosoeca;GENUS
7381412;Bicosoeca petiolata;SPECIES
7957238;Bicosoecida;ORDER
7957238C1;Bicosoecidae;FAMILY
3105856;Bidens;GENUS
8416;Bionectriaceae;FAMILY
7932878;Birojimia muscorum;SPECIES
8076891;Birojimia terricola;SPECIES
2581774;Bisporella;GENUS
2584306;Bisporella citrina;SPECIES
2952882;Bituminaria bituminosa;SPECIES
4663886;Blaberolaelaps;GENUS
3220883;Blastochloris;GENUS
1119;Blastocladiales;ORDER
147;Blastocladiomycetes;CLASS
103799996;Blastocladiomycota;PHYLUM
3224726;Blastococcus;GENUS
7789319;Blepharisma;GENUS
7771896;Blepharisma americanum;SPECIES
7806945;Blepharisma bimicronucleatum;SPECIES
7385619;Blepharisma hyalinum;SPECIES
7811049;Blepharisma lateritium;SPECIES
8078166;Blepharisma ouatum;SPECIES
8013500;Blepharisma steini;SPECIES
7463862;Blepharisma undulans;SPECIES
8253016;Blepharismidae;FAMILY
7807526;Bodo;GENUS
4898692;Bodomorpha;GENUS
3235464;Bodonidae;FAMILY
8440;Bolbitiaceae;FAMILY
2529626;Bolbitius;GENUS
3323387;Bolbitius vitellinus;SPECIES
2284001;Boleodorus;GENUS
4555966;Boleodorus volutus;SPECIES
1063;Boletales;ORDER
8790;Boletinellaceae;FAMILY
7226464;Boraginales;ORDER
8701;Botryidiopsidaceae;FAMILY
8702;Botryochloridaceae;FAMILY
3201168;Botryochloris;GENUS
2594065;Boudiera;GENUS
5259396;Boudiera acanthospora;SPECIES
3880;Brachionidae;FAMILY
8168047;Brachonella cydonia;SPECIES
3266;Brachybasidiaceae;FAMILY
3617;Brachychthoniidae;FAMILY
2587447;Brachyphoris;GENUS
2587454;Brachyphoris oviparasitica;SPECIES
7935040;Brachypylina;FAMILY
4651;Brachytheciaceae;FAMILY
6910;Braconidae;FAMILY
6784783;Bracteacoccaceae;FAMILY
2642049;Bracteacoccus;GENUS
7861976;Bradymyces;GENUS
9690186;Bradymyces graniticola;SPECIES
7814;Bradyrhizobiaceae;FAMILY
3221031;Bradyrhizobium;GENUS
1488203;Bradysia;GENUS
1489006;Bradysia subrufescens;SPECIES
3112;Brassicaceae;FAMILY
7225535;Brassicales;ORDER
8165438;Bresslaua;GENUS
7348345;Bresslaua insidiatrix;SPECIES
7608263;Bresslaua sicaria;SPECIES
8118209;Bresslaua vorax;SPECIES
8002457;Bresslauides;GENUS
8006704;Bresslauides australis australis;SPECIES
7691700;Bresslauides discoideus;SPECIES
7497647;Bresslauides terricola;SPECIES
3221698;Brevundimonas;GENUS
2703642;Bromus;GENUS
2703670;Bromus inermis;SPECIES
2703746;Bromus tectorum;SPECIES
4725;Brucellaceae;FAMILY
8736;Bryaceae;FAMILY
1333;Bryales;ORDER
7671830;Bryometopida;ORDER
8347034;Bryometopidae;FAMILY
7401010;Bryometopus;GENUS
8022899;Bryometopus atypicus;SPECIES
7790861;Bryometopus balantidioides;SPECIES
7707464;Bryometopus edaphonus;SPECIES
8222210;Bryometopus hawaiiensis;SPECIES
8098413;Bryometopus pseudochilodon;SPECIES
8108604;Bryometopus sphagni;SPECIES
7589411;Bryometopus triquetrus;SPECIES
2874497;Bryonia alba;SPECIES
7890439;Bryophrya bavariensis;SPECIES
7922216;Bryophrya rubescens;SPECIES
8258099;Bryophyllum loxophylliforme;SPECIES
7983038;Bryophyllum tegularum;SPECIES
35;Bryophyta;PHYLUM
327;Bryopsida;CLASS
625;Bryopsidales;ORDER
2308273;Buchholzia;GENUS
5739693;Buchholzia fallax;SPECIES
9418333;Buddleja;GENUS
2518120;Bullera;GENUS
9709111;Bulleraceae;FAMILY
9675359;Bulleribasidiaceae;FAMILY
3201444;Bumilleriopsis;GENUS
3219916;Burkholderia;GENUS
3219940;Burkholderia cepacia;SPECIES
5438;Burkholderiaceae;FAMILY
648;Burkholderiales;ORDER
8312067;Bursaria truncatella;SPECIES
2984666;Buxus;GENUS
3988113;Buxus balearica;SPECIES
4892105;Byssovorax;GENUS
4891451;Caenimonas;GENUS
2960383;Cajanus cajan;SPECIES
3229042;Caldilinea;GENUS
4698;Caldilineaceae;FAMILY
299;Caldilineae;CLASS
1205;Caldilineales;ORDER
2011;Callipallenidae;FAMILY
3335;Calliphoridae;FAMILY
3092946;Callistephus chinensis;SPECIES
2882481;Calluna;GENUS
2882482;Calluna vulgaris;SPECIES
2525705;Camarophyllus;GENUS
3189635;Camellia sinensis;SPECIES
2512830;Campanella;GENUS
5243715;Campanella subdendrophora;SPECIES
8801;Campanulaceae;FAMILY
2119498;Campodea;GENUS
2119537;Campodea fragilis;SPECIES
7218;Campodeidae;FAMILY
8285917;Canavalia;GENUS
7799711;Canavalia ensiformis;SPECIES
2518121;Candida;GENUS
104597471;Candidatus Koribacter;GENUS
104594886;Candidatus Koribacter versatilis;SPECIES
102596019;Candidatus Microthrix;GENUS
119676800;Candidatus Nephrothrix;GENUS
119788004;Candidatus Nitrosocosmicus;GENUS
8079935C1;Candidatus Nitrososphaera gargensis;SPECIES
104001606;Candidatus Solibacter;GENUS
103997429;Candidatus Solibacter usitatus;SPECIES
5361880;Cannabis sativa;SPECIES
1300;Cantharellales;ORDER
1262;Capnodiales;ORDER
4886653;Capsellina;GENUS
2932937;Capsicum;GENUS
2932944;Capsicum annuum;SPECIES
3792;Carabidae;FAMILY
3045622;Cardamine;GENUS
2721893;Carex;GENUS
2874484;Carica papaya;SPECIES
6636;Caricaceae;FAMILY
3034714;Carum carvi;SPECIES
4205617;Carya illinoensis;SPECIES
2518;Caryophyllaceae;FAMILY
422;Caryophyllales;ORDER
2963414;Cassia occidentalis;GENUS
3170590;Castilleja arachnoidea;SPECIES
3224489;Catellatospora;GENUS
2626861;Catenaria;GENUS
3818;Catenariaceae;FAMILY
3224359;Catenulispora;GENUS
7410456;Catenulispora graminis;SPECIES
3830;Catenulisporaceae;FAMILY
103144946;Catenulisporales;ORDER
3169830;Catharanthus roseus;SPECIES
8380316;Caudiholosticha;GENUS
7904860;Caudiholosticha sylvatica;SPECIES
2642861;Caulerpa;GENUS
2642884;Caulerpa cupressoides;SPECIES
4674;Caulerpaceae;FAMILY
3221268;Caulobacter;GENUS
3221696;Caulobacter fusiformis;SPECIES
8232225;Caulobacter profundus;SPECIES
4723;Caulobacteraceae;FAMILY
1219;Caulobacterales;ORDER
8630017;Cedrus;GENUS
3832;Cellulomonadaceae;FAMILY
3224279;Cellulomonas;GENUS
3223108;Cellvibrio;GENUS
120868022;Cellvibrionaceae;FAMILY
115473548;Cellvibrionales;ORDER
4896414;Cenarchaeaceae;FAMILY
4896415;Cenarchaeum;GENUS
5900469;Cenarchaeum symbiosum;SPECIES
8087525;Centaurea scabiosa;SPECIES
3128888;Centaurea solstitialis;SPECIES
4267488;Centritractaceae;FAMILY
4C4;Centrohelea;KINGDOM
2560;Cephalobidae;FAMILY
2283209;Cephalobus;GENUS
2283740;Cephalobus persegnis;SPECIES
2873815;Cerastium;GENUS
3085450;Cerastium alpinum;SPECIES
3085444;Cerastium arcticum;SPECIES
3085433;Cerastium arvense;SPECIES
6364299;Cerastium cerastoides;SPECIES
2873815C1;Cerastium viscosum;SPECIES
2873815C2;Cerastium vulgatum;SPECIES
8458;Ceratobasidiaceae;FAMILY
2121254;Ceratophysella;GENUS
7412;Ceratozetidae;FAMILY
9721556;Cercomonadida;ORDER
2164;Cercomonadidae;FAMILY
3210222;Cercomonas;GENUS
3210222C1;Cercomonas alexieffi;SPECIES
3210222C2;Cercomonas braziliensis;SPECIES
3210222C3;Cercomonas celer;SPECIES
3210222C4;Cercomonas fastiga;SPECIES
3210222C5;Cercomonas media;SPECIES
3210222C6;Cercomonas parambigua;SPECIES
3210222C7;Cercomonas parincurva;SPECIES
3210222C8;Cercomonas radiata;SPECIES
3210222C9;Cercomonas rapida;SPECIES
3210222C10;Cercomonas vacuolata;SPECIES
38;Cercozoa;PHYLUM
7788887;Cetraspora;GENUS
7554783;Cetraspora nodosa;SPECIES
7368048;Chaenea;GENUS
6027328;Chaerophyllum hirsutum;SPECIES
4679;Chaetophoraceae;FAMILY
1347;Chaetophorales;ORDER
2562108;Chaetosphaeria;GENUS
3464398;Chaetosphaeria ciliata;SPECIES
8409;Chaetosphaeriaceae;FAMILY
1284;Chaetosphaeriales;ORDER
1038;Chaetothyriales;ORDER
7575131;Chamaedrilus;GENUS
9430745;Chamaedrilus aff. glandulosus A SM-2014;SPECIES
8922158;Chamaedrilus aff. sphagnetorum C SM-2014;SPECIES
7575131C1;Chamaedrilus sp;SPECIES
2580622;Cheilymenia;GENUS
2594455;Cheilymenia stercorea;SPECIES
6719;Chenopodiaceae;FAMILY
3083838;Chenopodium album;SPECIES
8034996;Chilodonella uncinata;SPECIES
7597177;Chilodonellidae;FAMILY
7705676;Chilophrya terricola;SPECIES
360;Chilopoda;CLASS
3275;Chionosphaeraceae;FAMILY
3228826;Chitinophaga;GENUS
8005235;Chitinophaga oryziterrae;SPECIES
3228831;Chitinophaga pinensis;SPECIES
4903787;Chitinophagaceae;FAMILY
126091324;Chitinophagales;ORDER
3228826C1;Chitinophagia;CLASS
7842954;Chlamydodontida;ORDER
8816;Chlamydomonadaceae;FAMILY
8223403;Chlamydomonadales;ORDER
5271044;Chlamydomonas;GENUS
5271044C1;Chlamydomonas philotes;SPECIES
5271221;Chlamydomonas reinhardtii;SPECIES
3194385;Chlamydomyxa;GENUS
3194385C1;Chlamydomyxa labyrinthuloides;SPECIES
7695293;Chlamydonella alpestris;SPECIES
3235907;Chlamydophryidae;FAMILY
8594539;Chlorarachnea;CLASS
2638467;Chlorella;GENUS
5270951;Chlorella emersonii;SPECIES
4852;Chlorellaceae;FAMILY
1359;Chlorellales;ORDER
3201179;Chlorellidium;GENUS
3201179C1;Chlorellidium tetrabotrys;SPECIES
6008507;Chloris;GENUS
4682;Chlorococcaceae;FAMILY
5271881;Chlorococcum;GENUS
8107;Chloroflexaceae;FAMILY
1206;Chloroflexales;ORDER
84;Chloroflexi;PHYLUM
8308597;Chloroflexia;CLASS
3229052;Chloroflexus;GENUS
329;Chlorophyceae;CLASS
36;Chlorophyta;PHYLUM
9737030;Choanoflagellatea;CLASS
9765899;Choanoflagellida;ORDER
97;Choanozoa;PHYLUM
9172976;Choleva;GENUS
4445230;Choleva angustata;SPECIES
3220588;Chondromyces;GENUS
2532936;Chondrostereum;GENUS
2532944;Chondrostereum purpureum;SPECIES
2280660;Chromadorea;GENUS
4897;Chromatiaceae;FAMILY
667;Chromatiales;ORDER
4;Chromista;KINGDOM
3087725;Chromolaena odorata;SPECIES
2538825;Chromosera;GENUS
7131;Chromulinaceae;FAMILY
7073608;Chromulinales;ORDER
3150746;Chrysanthemum;GENUS
3118288;Chrysanthemum cinerariifolium;SPECIES
3150814;Chrysanthemum indicum;SPECIES
3134162;Chrysanthemum maximum;SPECIES
3228687;Chryseobacterium;GENUS
7073563;Chrysophyceae;CLASS
9735575;Chrysozymaceae;FAMILY
7652;Chthoniidae;FAMILY
102500684;Chthoniobacter;GENUS
104372713;Chthoniobacter flavus;SPECIES
126067447;Chthoniobacteraceae;FAMILY
126070447;Chthoniobacterales;ORDER
2124312;Chthonius;GENUS
7571;Chytridiaceae;FAMILY
1118;Chytridiales;ORDER
318;Chytridiomycetes;CLASS
94;Chytridiomycota;PHYLUM
2626991;Chytridium;GENUS
3384941;Chytridium polysiphoniae;SPECIES
2627057;Chytriomyces;GENUS
7372946;Chytriomycetaceae;FAMILY
9647;Cicadellidae;FAMILY
5392252;Cichorium intybus;SPECIES
7765738;Ciliophora;PHYLUM
7580507;Cinetochilidae;FAMILY
7481101;Cinetochilum margaritaceum;SPECIES
7409302;Cinetochilum marinum;SPECIES
8242745;Circinella arenicola;SPECIES
8181671;Cirrophrya haptica;SPECIES
7950847;Cirrophrya terricola;SPECIES
3113650;Cirsium oleraceum;SPECIES
2874621;Citrullus lanatus;SPECIES
3190155;Citrus;GENUS
3190171;Citrus limon;SPECIES
3190158;Citrus sinensis;SPECIES
7570;Cladochytriaceae;FAMILY
103800477;Cladochytriales;ORDER
2626814;Cladochytrium;GENUS
3563987;Cladosporiaceae;FAMILY
2518208;Cladosporium;GENUS
7579478;Cladotricha australis;SPECIES
2283346;Clarkus;GENUS
8079329;Claroideoglomeraceae;FAMILY
7930462;Claroideoglomus;GENUS
7617598;Claroideoglomus claroideum;SPECIES
8442;Clavariaceae;FAMILY
2614823;Clavariopsis;GENUS
8268939;Clavariopsis aquatica;SPECIES
3225355;Clavibacter;GENUS
8417;Clavicipitaceae;FAMILY
8459;Clavulinaceae;FAMILY
3033512;Clematis;GENUS
304;Clostridia;CLASS
7797;Clostridiaceae;FAMILY
1211;Clostridiales;ORDER
102698855;Clostridiales Family XVII. Incertae Sedis;FAMILY
3226206;Clostridium;GENUS
4895097;Coccidia;GENUS
2642071;Coccomyxa;GENUS
8785;Coccomyxaceae;FAMILY
5373276;Cochlearia officinalis;SPECIES
2559221;Cochlonema;GENUS
2559238;Cochlonema euryblastum;SPECIES
4097;Cochlonemataceae;FAMILY
8065748;Codosiga;GENUS
2638548;Coelastrella;GENUS
2638548C1;Coelastrella saipanensis;SPECIES
1470;Coleoptera;ORDER
7907941;Colepidae;FAMILY
546;Collembola;ORDER
8136143;Colpoda;GENUS
7584361;Colpoda aspera;SPECIES
7635899;Colpoda atra;SPECIES
7971318;Colpoda cavicola;SPECIES
7754454;Colpoda colpidiopsis;SPECIES
7364894;Colpoda cucullus;SPECIES
7730407;Colpoda ecaudata;SPECIES
7896164;Colpoda edaphoni;SPECIES
8201322;Colpoda elliotti;SPECIES
7750284;Colpoda flavicans;SPECIES
8216798;Colpoda henneguyi;SPECIES
7559248;Colpoda inflata;SPECIES
7440329;Colpoda lucida;SPECIES
7415565;Colpoda magna;SPECIES
7487223;Colpoda maupasi;SPECIES
8341792;Colpoda minima;SPECIES
8169579;Colpoda orientalis;SPECIES
7817745;Colpoda praestans;SPECIES
7552767;Colpoda reniformis;SPECIES
7874482;Colpoda steinii;SPECIES
8271221;Colpoda tripartita;SPECIES
7841800;Colpoda variabilis;SPECIES
8229102;Colpodea;CLASS
7773411;Colpodida;ORDER
7881076;Colpodidae;FAMILY
7554166;Colpodidium caudatum;SPECIES
5439;Comamonadaceae;FAMILY
3220118;Comamonas;GENUS
8225326;Condylostoma terricola;SPECIES
3223545;Conexibacter;GENUS
4902886;Conexibacteraceae;FAMILY
2559620;Conidiobolus;GENUS
2559647;Conidiobolus coronatus;SPECIES
2559645;Conidiobolus firmipilleus;SPECIES
2559630;Conidiobolus lamprauges;SPECIES
7792947;Coniosporium;GENUS
3034807;Conium maculatum;SPECIES
6026723;Conopodium;GENUS
6026760;Conopodium majus;SPECIES
2389;Convolvulaceae;FAMILY
2928390;Convolvulus arvensis;SPECIES
3679194;Convolvulus fruticosus;SPECIES
3678635;Convolvulus hamadae;SPECIES
3033632;Coptis trifolia;SPECIES
7463820;Corallocolpoda grelli;SPECIES
8042226;Corallocolpoda pacifica;SPECIES
7532950;Cordyceps;GENUS
3451388;Cordyceps cylindrica;SPECIES
2560689;Cordyceps memorabilis;SPECIES
8418;Cordycipitaceae;FAMILY
3292006;Coriolaceae;FAMILY
8380259;Coriplites terricola;SPECIES
8461;Corticiaceae;FAMILY
1301;Corticiales;ORDER
7653070;Corticocolpoda kaneshiroae;SPECIES
2875967;Corylus;GENUS
103969122;Corynebacteriales;ORDER
4378507;Corythion;GENUS
4378507C1;Corythion dubium;SPECIES
7800309;Cosmocolpoda naschbergeri;SPECIES
3098951;Cosmos sulphureus;SPECIES
7718580;Cotburnia richtersi;SPECIES
8208682;Cothumia minutissima;SPECIES
8087877;Cothumiopsis valvata;SPECIES
5154;Coxiellaceae;FAMILY
2522039;Craterocolla;GENUS
7455377;Craterocolla cerasi;SPECIES
5403296;Crepis paludosa;SPECIES
9730635;Cristidiscoidea;CLASS
126035350;Crocinitomicaceae;FAMILY
3228479;Crocinitomix;GENUS
2121983;Crossodonthina;GENUS
2121983C1;Crossodonthina koreana;SPECIES
2942877;Crotalaria juncea;SPECIES
2566387;Cryphonectria;GENUS
2566393;Cryphonectria parasitica;SPECIES
8412;Cryphonectriaceae;FAMILY
3558064;Cryptococcaceae;FAMILY
2518146;Cryptococcus;GENUS
5467845;Cryptococcus amylolentus;SPECIES
2874568;Cucumis;GENUS
2874570;Cucumis melo;SPECIES
2874569;Cucumis sativus;SPECIES
7393329;Cucurbita moschata;SPECIES
2874508;Cucurbita pepo;SPECIES
6634;Cucurbitaceae;FAMILY
7224005;Cucurbitales;ORDER
4815;Cucurbitariaceae;FAMILY
8402004;Cultellothrix;GENUS
8246938;Cultellothrix coemeterii;SPECIES
8084084;Cultellothrix lionotiformis;SPECIES
8275;Cunninghamellaceae;FAMILY
103017807;Cupressales;ORDER
3220005;Cupriavidus;GENUS
4239;Curculionidae;FAMILY
3220112;Curvibacter;GENUS
9712534;Cutaneotrichosporon;GENUS
9811217;Cutaneotrichosporon daszewskae;SPECIES
68;Cyanobacteria;PHYLUM
8202377;Cyclidiidae;FAMILY
8091632;Cyclidium glaucoma;SPECIES
8358387;Cyclidium muscicola;SPECIES
8050749;Cyclidium terricola;SPECIES
1013523;Cylindroiulus;GENUS
1013578;Cylindroiulus caeruleocinctus;SPECIES
6109637;Cynodon dactylon;SPECIES
2562461;Cyphellophora;GENUS
7966900;Cyphellophora sessilis;SPECIES
7726465;Cyphellophoraceae;FAMILY
7918976;Cyrtobymena citrina;SPECIES
7759386;Cyrtobymena muscorum;SPECIES
7417909;Cyrtohymena australis;SPECIES
7893724;Cyrtohymena candens;SPECIES
7640810;Cyrtohymena primicirrata;SPECIES
7609928;Cyrtohymena quadrinucleata;SPECIES
7968774;Cyrtohymena tetracirrata;SPECIES
7520151;Cyrtolophosidida;ORDER
8236668;Cyrtolophosididae;FAMILY
7530738;Cyrtolophosis acuta;SPECIES
8047474;Cyrtolophosis colpidiformis;SPECIES
7961832;Cyrtolophosis elongata;SPECIES
7458832;Cyrtolophosis minor;SPECIES
8094171;Cyrtolophosis mucicola;SPECIES
3220549;Cystobacter;GENUS
4875;Cystobacteraceae;FAMILY
3269;Cystobasidiaceae;FAMILY
1139;Cystobasidiales;ORDER
152;Cystobasidiomycetes;CLASS
2555962;Cystobasidium;GENUS
7582;Cystofilobasidiaceae;FAMILY
1125;Cystofilobasidiales;ORDER
2518149;Cystofilobasidium;GENUS
3228397;Cytophaga;GENUS
3228931;Cytophaga hutchinsonii;SPECIES
3237749;Cytophagaceae;FAMILY
7571564;Cytophagales;ORDER
7929839;Cytophagia;CLASS
9049960;Dacrymyces;GENUS
7605;Dacrymycetaceae;FAMILY
1138;Dacrymycetales;ORDER
273;Dacrymycetes;CLASS
2705307;Dactylis;GENUS
2705308;Dactylis glomerata;SPECIES
3224595;Dactylosporangium;GENUS
3093023;Dahlia;GENUS
5387142;Dahlia pinnata;SPECIES
7376743;Dapedophrya flexilis;SPECIES
3034742;Daucus carota;SPECIES
5893341;Debaryomycetaceae;FAMILY
3220302;Dechloromonas;GENUS
104008351;Dechlorospirillum;GENUS
103043168;Dehalococcoidaceae;FAMILY
103043167;Dehalococcoidales;ORDER
6533843;Dehalococcoides;FAMILY
102599793;Dehalococcoidia;CLASS
3220129;Delftia;GENUS
3033687;Delphinium;GENUS
338;Deltaproteobacteria;CLASS
4901371;Demequina;GENUS
7794229;Demequinaceae;FAMILY
8416307;Dendrochytridium;GENUS
7607085;Dendrochytridium crassum;SPECIES
3220316;Denitratisoma;GENUS
1224;Dermaptera;ORDER
3219826;Derxia;GENUS
2652440;Desmodesmus;GENUS
447;Desmodorida;ORDER
3226460;Desulfitobacterium;GENUS
1382;Desulfobacterales;ORDER
8936;Desulfobulbaceae;FAMILY
3220678;Desulfotalea;GENUS
3220375;Desulfovibrio;GENUS
8939;Desulfovibrionaceae;FAMILY
654;Desulfovibrionales;ORDER
3220389;Desulfovirga;GENUS
8941;Desulfuromonadaceae;FAMILY
1383;Desulfuromonadales;ORDER
3220490;Desulfuromonas;GENUS
8107698;Deviata bacilliformis;SPECIES
3220926;Devosia;GENUS
7356672;Diadesmidaceae;FAMILY
3085411;Dianthus;GENUS
3085413;Dianthus armeria;SPECIES
3085420;Dianthus caryophyllus;SPECIES
8365726;Diaphanoeca;GENUS
6123596;Diaphanoeca spiralifurca;SPECIES
3220176;Diaphorobacter;GENUS
1289;Diaporthales;ORDER
220C1;Dicots;CLASS
4640898;Dicranocentrus;GENUS
7811155;Dicranocentrus wangi;SPECIES
8720376;Dictyosporiaceae;FAMILY
2592471;Dictyosporium;GENUS
7731136;Didinium nasutum;SPECIES
3281822;Didymellaceae;FAMILY
5414992;Digitalis grandiflora;SPECIES
7911165;Dileptida;ORDER
8098577;Dileptidae;FAMILY
7410447;Dileptus;GENUS
7905422;Dileptus alpinus;SPECIES
7646652;Dileptus americanus;SPECIES
8330662;Dileptus anguillula;SPECIES
7772826;Dileptus binucleatus;SPECIES
7907352;Dileptus conspicuus;SPECIES
7454701;Dileptus costaricanus;SPECIES
7512224;Dileptus edaphoni;SPECIES
7604006;Dileptus falciformis;SPECIES
7880928;Dileptus gracilis;SPECIES
7531521;Dileptus kahli;SPECIES
7689024;Dileptus margaritifer;SPECIES
7957501;Dileptus microstoma;SPECIES
8296186;Dileptus mucronatus;SPECIES
7529454;Dileptus orientalis;SPECIES
8325902;Dileptus polyvacuolatus;SPECIES
8111463;Dileptus similis;SPECIES
7614589;Dileptus tenuis;SPECIES
7806743;Dileptus terrenus;SPECIES
7410447C1;Dileptus visscheri;SPECIES
8028830;Dimacrocaryon amphileptoides;SPECIES
2915;Dinobryaceae;FAMILY
3194946;Dinobryon;GENUS
9049014;Dinophyceae;CLASS
3030169;Diospyros;GENUS
2518442;Dioszegia;GENUS
5237438;Dioszegia crocea;SPECIES
974;Diplogasterida;ORDER
5188658;Diplogasteroides;GENUS
5889471;Diplogasteroides magnus;SPECIES
6483;Diplogasteroididae;FAMILY
361;Diplopoda;CLASS
240;Diplura;ORDER
4137;Dipodascaceae;FAMILY
811;Diptera;ORDER
2282615;Discolaimus;GENUS
2282616;Discolaimus cf. major HHBM-2007a;SPECIES
9732619;Discosea;CLASS
2559287;Dissophora;GENUS
2559290;Dissophora decumbens;SPECIES
3101184;Dittrichia viscosa;SPECIES
2283952;Ditylenchus;GENUS
2283953;Ditylenchus dipsaci;SPECIES
2560208;Diversispora;GENUS
9697977;Diversispora varaderana;SPECIES
7623;Diversisporaceae;FAMILY
533;Diversisporales;ORDER
3222287;Dokdonella;GENUS
8138815;Dokdonella ginsengisoli;SPECIES
8436786;Dolichos lablab;SPECIES
7642033;Dongia;GENUS
446C1;Dorylaimia;ORDER
446;Dorylaimida;ORDER
2592;Dorylaimidae;FAMILY
183;Dothideomycetes;CLASS
8360166;Drepanomonas dentata;SPECIES
8279721;Drepanomonas exigua;SPECIES
7470246;Drepanomonas muscicola;SPECIES
8373930;Drepanomonas pauciciliata;SPECIES
7542108;Drepanomonas revoluta;SPECIES
7973731;Drepanomonas sphagni;SPECIES
4889932;Dryas octopetala;SPECIES
3219861;Duganella;GENUS
3228894;Dyadobacter;GENUS
3222364;Dyella;GENUS
3850472;Dysoxylum decandrum;SPECIES
9781670;Echinamoeba;GENUS
103079544;Echinamoeba exundans;SPECIES
4905099;Echinamoebida;ORDER
4905099C1;Echinamoebidae;FAMILY
4898;Ectothiorhodospiraceae;FAMILY
4405791;Ecumenicus;GENUS
4887124;Edaphobacter;GENUS
8886828;Edaphobacter dinghuensis;SPECIES
2731882;Elaeis guineensis;SPECIES
7825;Elateridae;FAMILY
2759871;Elettaria cardamomum;SPECIES
3C1;Elusimicrobia;PHYLUM
6533857;Elusimicrobiaceae;FAMILY
7675718;Elusimicrobiales;ORDER
6533858;Elusimicrobium;GENUS
2706649;Elytrigia repens;SPECIES
3228870;Emticicia;GENUS
8366186;Enchelydium piliforme;SPECIES
8329652;Enchelydium polynucleatum;SPECIES
8155005;Enchelydium terrenum;SPECIES
7472712;Enchelyodon;GENUS
7532482;Enchelyodon californicus;SPECIES
7538952;Enchelyodon lagenula;SPECIES
7488033;Enchelyodon longinucleatus;SPECIES
7467059;Enchelyodon nodosus;SPECIES
8085759;Enchelyodon terrenus;SPECIES
7577149;Enchelyodon tratzi;SPECIES
8087936;Enchelyomorpha vermicularis;SPECIES
8021104;Enchelyotricha binucleata;SPECIES
7511333;Enchelys multinucleata;SPECIES
7821133;Enchelys terricola;SPECIES
7498425;Enchelys vermiformis;SPECIES
3565;Enchytraeidae;FAMILY
2308266;Enchytraeus;GENUS
2308269;Enchytraeus albidus;SPECIES
2308272;Enchytraeus buchholzi;SPECIES
4409817;Enchytraeus bulbosus;SPECIES
4307714;Enchytraeus christenseni;SPECIES
2308267;Enchytraeus lacteus;SPECIES
4409812;Enchytraeus norvegicus;SPECIES
2308266C1;Enchytraeus sp;SPECIES
2308260;Enchytronia;GENUS
2308261;Enchytronia parva;SPECIES
104185528;Endeostigmata;ORDER
7569;Endochytriaceae;FAMILY
2627185;Endochytrium;GENUS
4088;Endogonaceae;FAMILY
751;Endogonales;ORDER
2559270;Endogone;GENUS
2559441;Endogone lactiflua;SPECIES
4920651;Endomyxa;GENUS
7582540;Engelmanniella mobilis;SPECIES
976;Enoplida;ORDER
4920984;Enteridiidae;FAMILY
1395;Enterobacterales;ORDER
4899;Enterobacteriaceae;FAMILY
2961150;Enterolobium cyclocarpum;SPECIES
2120412;Entomobrya;GENUS
2120754;Entomobrya multifasciata;SPECIES
7216;Entomobryidae;FAMILY
9126515;Entomobryoides;GENUS
104290441;Entomobryomorpha;ORDER
4090;Entomophthoraceae;FAMILY
859;Entomophthorales;ORDER
9693863;Entomophthoromycetes;CLASS
2513048;Entyloma;GENUS
2513576;Entyloma ficariae;SPECIES
3267;Entylomataceae;FAMILY
1135;Entylomatales;ORDER
4912196;Eocercomonas;GENUS
6976;Eosentomidae;FAMILY
2119156;Eosentomon;GENUS
1407107;Ephemera;GENUS
4298;Ephemeridae;FAMILY
1225;Ephemeroptera;ORDER
9758167;Epibryaceae;FAMILY
2625192;Epibryon;GENUS
3195017;Epipyxis;GENUS
3195018;Epipyxis pulchra;SPECIES
8387843;Epispathidium;GENUS
8233239;Epispathidium amphoriforme;SPECIES
7900557;Epispathidium ascendens;SPECIES
8173937;Epispathidium papilliferum;SPECIES
7633577;Epispathidium regium;SPECIES
8423927;Epispathidium terricola;SPECIES
8141990;Epistylidae;FAMILY
9815647;Epistylis;GENUS
7549311;Epistylis alpestris;SPECIES
2555502;Epulorhiza;GENUS
246;Equisetopsida;CLASS
2505;Ericaceae;FAMILY
1353;Ericales;ORDER
8330241;Erniella filiformis;SPECIES
8379;Erysiphaceae;FAMILY
1277;Erysiphales;ORDER
3221318;Erythrobacter;GENUS
4901672;Erythrobacteraceae;FAMILY
7446194;Erythrobasidiaceae;FAMILY
527;Erythrobasidiales;ORDER
2555984;Erythrobasidium;GENUS
2555987;Erythrobasidium hasegawianum;SPECIES
7458170;Eschaneustyla brachytona;SPECIES
7C1;Euamoebida;PHYLUM
2283772;Eucephalobus;GENUS
2283775;Eucephalobus striatus;SPECIES
8362112;Eucoccidiorida;ORDER
4410245;Eudrilus eugeniae;SPECIES
9473002;Euduboscquella;GENUS
41;Euglenozoa;PHYLUM
3212288;Euglypha;GENUS
5730694;Euglypha rotunda;SPECIES
5730696;Euglypha tuberculata;SPECIES
9797892;Euglyphida;ORDER
6584;Euglyphidae;FAMILY
8856420;Eugregarinorida;ORDER
4348568;Eumonhystera;GENUS
3169120;Euonymus alatus;SPECIES
3070106;Euphorbia cyparissias;SPECIES
3066465;Euphorbia pulcherrima;SPECIES
4691;Euphorbiaceae;FAMILY
8410027;Euplotes;GENUS
7866880;Euplotes balteatus;SPECIES
7459106;Euplotes corsica;SPECIES
7744469;Euplotes finki;SPECIES
9808526;Euplotes labiatus;SPECIES
7529940;Euplotes muscicola;SPECIES
8410027C1;Euplotes qatarensis;SPECIES
7542921;Euplotes terricola;SPECIES
8374779;Euplotes trisulcatus;SPECIES
8290279;Euplotida;ORDER
7575660;Euplotidae;FAMILY
1040;Eurotiales;ORDER
178;Eurotiomycetes;CLASS
24;Euryarchaeota;PHYLUM
1948;Eustigmataceae;FAMILY
8408718;Eustigmatales;ORDER
286;Eustigmatophyceae;CLASS
524;Exobasidiales;ORDER
151;Exobasidiomycetes;CLASS
5386;Fabaceae;FAMILY
1370;Fabales;ORDER
4303377;Fabidae;FAMILY
1354;Fagales;ORDER
2889418;Fallopia;GENUS
6391433;Fallopia multiflora;SPECIES
3220318;Ferribacterium;GENUS
8011754;Ferrimicrobium;GENUS
7506466;Ferrithrix;GENUS
7592743;Ferruginibacter;GENUS
8867112;Ferruginibacter paludis;SPECIES
3034682;Ferula;GENUS
2704913C1;Festuca arundinacea;SPECIES
2704913C2;Festuca elatior;SPECIES
2704913C3;Festuca myuros;SPECIES
4119612;Festuca nigrescens;SPECIES
5917830;Fibrella;GENUS
3228262;Fibrobacter;GENUS
4703;Fibrobacteraceae;FAMILY
1210;Fibrobacterales;ORDER
29;Fibrobacteres;PHYLUM
7877138;Fibrobacteria;CLASS
9330695;Ficus carica;SPECIES
4893831;Filamoeba;GENUS
7581;Filobasidiaceae;FAMILY
1124;Filobasidiales;ORDER
2518210;Filobasidium;GENUS
9659532;Filobasidium stepposum;SPECIES
8324895;Fimicolochytrium;GENUS
87;Firmicutes;PHYLUM
7913878;Fistulifera;GENUS
7C2;flagellata;PHYLUM
4893097;Flavisolibacter;GENUS
7703764;Flavisolibacter rigui;SPECIES
8099;Flavobacteriaceae;FAMILY
569;Flavobacteriales;ORDER
8019474;Flavobacteriia;CLASS
3221328;Flavobacterium;GENUS
3228598;Flavobacterium hydatis;SPECIES
3228773;Flexibacter;GENUS
3228481;Fluviicola;GENUS
3034921;Foeniculum;GENUS
2120344;Folsomia;GENUS
2120383;Folsomia candida;SPECIES
2120372;Folsomia quadrioculata;SPECIES
7619;Fomitopsidaceae;FAMILY
9682568;Fonsecazyma;GENUS
9713592;Fonsecazyma mujuensis;SPECIES
1419844;Forficula;GENUS
1419845;Forficula auricularia;SPECIES
7861;Forficulidae;FAMILY
4342;Formicidae;FAMILY
3029779;Fragaria;GENUS
3029912;Fragaria ananassa;SPECIES
3225653;Frankia;GENUS
8079;Frankiaceae;FAMILY
104297582;Frankiales;ORDER
3172358;Fraxinus excelsior;SPECIES
2747044;Freesia;GENUS
2308358;Fridericia;GENUS
4812533;Fridericia bisetosa;SPECIES
7369804;Fridericia christeri;SPECIES
8142015;Fridericia connata;SPECIES
4812535;Fridericia galba;SPECIES
7630327;Fridericia isseli;SPECIES
7618454;Fridericia magna;SPECIES
2308365;Fridericia paroniana;SPECIES
2308359;Fridericia ratzeli;SPECIES
7441738;Fridericia sohlenii;SPECIES
2308358C1;Fridericia sp;SPECIES
9053167;Fridericia sylvatica;SPECIES
8876572;Fridericia tuberosa;SPECIES
2122052;Friesea;GENUS
8891999;Friesea grisea;SPECIES
3225337;Frigoribacterium;GENUS
8166778;Frontonia depressa;SPECIES
8290778;Frontonia solea;SPECIES
8302110;Frontonia terricola;SPECIES
2282796;Funaria;GENUS
5281229;Funaria hygrometrica;SPECIES
4645;Funariaceae;FAMILY
1338;Funariales;ORDER
5;Fungi;KINGDOM
7815635;Funneliformis;GENUS
7578300;Funneliformis mosseae;SPECIES
8423614;Furgasonia trichocystis;SPECIES
7989755;Fuscheria;GENUS
8391563;Fuscheria lacustris;SPECIES
7513833;Fuscheria nodosa;SPECIES
8188416;Fuscheria terricola;SPECIES
88;Fusobacteria;PHYLUM
7806;Fusobacteriaceae;FAMILY
1214;Fusobacteriales;ORDER
7921896;Fusobacteriia;CLASS
3225870;Fusobacterium;GENUS
2569283;Gaeumannomyces;GENUS
3456761;Gaeumannomyces avenae;SPECIES
3456755;Gaeumannomyces graminis;SPECIES
7650175;Gaiella;GENUS
8370031;Gaiella occulta;SPECIES
7848836;Gaiellaceae;FAMILY
8162388;Gaiellales;ORDER
3132570;Galinsoga parviflora;SPECIES
9039392;Galium mollugo;SPECIES
2913321;Galium physocarpum;SPECIES
2913556;Galium uliginosum;SPECIES
7429;Galumnidae;FAMILY
3252752;Gamasidae;FAMILY
362;Gammaproteobacteria;CLASS
7431306;Gastronauta derouxi;SPECIES
8254475;Gastronauta membranaceus;SPECIES
7949381;Gastrostyla dorsicirrata;SPECIES
8071411;Gastrostyla minima;SPECIES
7436272;Gastrostyla muscorum;SPECIES
8259839;Gastrostyla steinii;SPECIES
4199;Geastraceae;FAMILY
1064;Geastrales;ORDER
2525056;Geastrum;GENUS
2554333;Geastrum saccatum;SPECIES
3228998;Gemmata;GENUS
3228999;Gemmata obscuriglobus;SPECIES
128046591;Gemmataceae;FAMILY
4721;Gemmatimonadaceae;FAMILY
1216;Gemmatimonadales;ORDER
102704754;Gemmatimonadetes;PHYLUM
3228301;Gemmatimonas;GENUS
3232782;Genea;GENUS
5499811;Genea fragrans;SPECIES
412;Gentianales;ORDER
4888232;Geoalkalibacter;GENUS
3220513;Geobacter;GENUS
7566235;Geobacter anodireducens;SPECIES
4874;Geobacteraceae;FAMILY
3833;Geodermatophilaceae;FAMILY
119722321;Geodermatophilales;ORDER
3224724;Geodermatophilus;GENUS
4080;Geophilidae;FAMILY
7501881;Georgfuchsia;GENUS
8002263;Georgfuchsia toluolica;SPECIES
3220511;Geothermobacter;GENUS
3229014;Geothrix;GENUS
4676;Geraniaceae;FAMILY
624;Geraniales;ORDER
7466389;Gerbera;GENUS
8409932;Gerbera jamesonii;SPECIES
7622;Gigasporaceae;FAMILY
7436182;Glaucoma gigantea;SPECIES
1032756;Gliricola;GENUS
9774063;Glissomonadida;ORDER
3300;Glomeraceae;FAMILY
1148;Glomerales;ORDER
9705517;Glomerellales;ORDER
156;Glomeromycetes;CLASS
2559545;Glomus;GENUS
5251089;Glomus invermaium;SPECIES
5359660;Glycine max;SPECIES
8467;Gomphaceae;FAMILY
1303;Gomphales;ORDER
2558209;Gongronella;GENUS
2558212;Gongronella butleri;SPECIES
8289527;Gonostomum;GENUS
8367055;Gonostomum affine;SPECIES
7846057;Gonostomum kuehnelti;SPECIES
8165311;Gonostomum namibiense;SPECIES
8118053;Gonostomum strenua;SPECIES
8212596;Gonostomum strenuum;SPECIES
3152652;Gossypium;GENUS
9760148;Granofilosea;CLASS
8148666;Granulicella;GENUS
7862147;Granulicella paludicola;SPECIES
2041610;Graphocephala;GENUS
2041614;Graphocephala atropunctata;SPECIES
103470042;Gregarinasina;CLASS
7614723;Grossglockneria acuta;SPECIES
8408153;Grossglockneria hyalina;SPECIES
8082344;Grossglockneriida;ORDER
7425914;Grossglockneriidae;FAMILY
3235514;Gruberellidae;FAMILY
5925;Gryllidae;FAMILY
1404683;Gryllus;GENUS
2512858;Guepiniopsis;GENUS
2512861;Guepiniopsis buccina;SPECIES
3085251;Gypsophila;GENUS
2785;Gyropidae;FAMILY
3220527;Haliangium;GENUS
4901805;Haliea;GENUS
2899;Halieaceae;FAMILY
3228793;Haliscomenobacter;GENUS
3760350;Halocnemum strobilaceum;SPECIES
3203940;Halophytophthora;GENUS
8424;Halosphaeriaceae;FAMILY
7620672;Halteria grandin;GENUS
7879118;Halteriidae;FAMILY
7784583;Halterioforma caudata;SPECIES
2558226;Halteromyces;GENUS
2558227;Halteromyces radiatus;SPECIES
7600333;Hantzschia;GENUS
5265849;Hantzschia amphioxys;SPECIES
7350316;Haplocaulus terrenus;SPECIES
3232972;Haplophyllum;GENUS
7569076;Haptorida;ORDER
2171;Hartmannellidae;FAMILY
7553903;Hastatella radians;SPECIES
8078110;Hausmanniella discoidea;SPECIES
7737031;Hausmanniella patella;SPECIES
8253072;Hausmanniella quinquecirrata;SPECIES
8230719;Hausmanniellidae;FAMILY
8351737;Hedera helix;SPECIES
3119134;Helianthus;GENUS
9206251;Helianthus annuus;SPECIES
2284094;Helicotylenchus;GENUS
4556520;Helicotylenchus varicaudatus;SPECIES
9697020;Heliozoa;PHYLUM
3631293;Helosciadium nodiflorum;SPECIES
8381;Helotiaceae;FAMILY
1052;Helotiales;ORDER
8074582;Hemiamphisiella;GENUS
8256548;Hemiamphisiella granulifera;SPECIES
8227189;Hemiamphisiella quadrinucleata;SPECIES
7477764;Hemiamphisiella terricola;SPECIES
7981508;Hemiamphisiella wilberti;SPECIES
809;Hemiptera;ORDER
8311170;Hemisincirra gellerti;SPECIES
7479147;Hemisincirra gracilis;SPECIES
7355433;Hemisincirra inquieta;SPECIES
7399328;Hemisincirra kahli;SPECIES
7611475;Hemisincirra muelleri;SPECIES
8274582;Hemisincirra pori;SPECIES
7403734;Hemisincirra similis;SPECIES
7515415;Hemisincirra wenzeli;SPECIES
2308378;Henlea;GENUS
2308382;Henlea perpusilla;SPECIES
2308378C1;Henlea sp;SPECIES
7873;Heptageniidae;FAMILY
8181004;Heracleum austriacum;SPECIES
3034830;Heracleum sphondylium;SPECIES
3219864;Herbaspirillum;GENUS
3219877;Herminiimonas;GENUS
9180955;Herpetomonas;GENUS
4825;Herpotrichiellaceae;FAMILY
7326001;Hesperelaea;GENUS
3683164;Hesperelaea palmeri;SPECIES
3200939;Heterococcus;GENUS
3200939C1;Heterococcus caespitosus;SPECIES
2283969;Heterodera;GENUS
6466;Heteroderidae;FAMILY
265;Heterolobosea;CLASS
4896482;Heteromita;GENUS
4900802;Heteromitidae;FAMILY
4592;Heteropediaceae;FAMILY
3236275;Heterophryidae;FAMILY
8255906;Heterophrys;GENUS
8235041;Heterotrichea;CLASS
8169551;Heterotrichida;ORDER
3194398;Hibberdia;GENUS
3194398C1;Hibberdia magna;SPECIES
4545;Hibberdiaceae;FAMILY
597;Hibberdiales;ORDER
2181975;Histiostoma;GENUS
2181976;Histiostoma feroniarum;SPECIES
2843;Histiostomatidae;FAMILY
2538958;Hodophilus;GENUS
9744773;Hodophilus hymenocephalus;SPECIES
3295416;Hoehnelomycetaceae;FAMILY
2706162;Holcus;GENUS
3229012;Holophaga;GENUS
8177626;Holophagaceae;FAMILY
7547422;Holophagae;CLASS
7359693;Holophagales;ORDER
7933468;Holosticha adami;SPECIES
8287515;Holosticha australis;SPECIES
7770058;Holosticha bergeri;SPECIES
7876308;Holosticha distyla;SPECIES
8028953;Holosticha islandica;SPECIES
7406837;Holosticha manca;SPECIES
7918817;Holosticha monilata;SPECIES
7879294;Holosticha multistilata;SPECIES
7832910;Holosticha muscicola;SPECIES
7434181;Holosticha muscorum;SPECIES
7979862;Holosticha sigmoidea;SPECIES
7858582;Holosticha stueberi;SPECIES
7861564;Holosticha sylvatica;SPECIES
7787475;Holosticha tetracirrata;SPECIES
7423747;Holostichidae;FAMILY
7922505;Holostichides chardezi;SPECIES
7997569;Holostichides terricola;SPECIES
7578575;Holostichides wilberti;SPECIES
7995580;Holwaya;GENUS
3481158;Holwaya mucida;SPECIES
8036831;Homalogastra;GENUS
8294946;Homalogastra setosa;SPECIES
6465;Hoplolaimidae;FAMILY
2706050;Hordeum;GENUS
2706052;Hordeum jubatum;SPECIES
2706056;Hordeum vulgare;SPECIES
4890869;Humibacter;GENUS
2984535;Humulus lupulus;SPECIES
2586813;Hyalorbilia;GENUS
8382;Hyaloscyphaceae;FAMILY
3276;Hydnodontaceae;FAMILY
3222362;Hydrocarboniphaga;GENUS
3220160;Hydrogenophaga;GENUS
8928;Hydrogenophilaceae;FAMILY
1379;Hydrogenophilales;ORDER
2387;Hydrophyllaceae;FAMILY
2523318;Hygrocybe;GENUS
8369786;Hygrocybe reidii;SPECIES
4176;Hygrophoraceae;FAMILY
2525706;Hygrophorus;GENUS
2538727;Hygrophorus agathosmus;SPECIES
126025837;Hymenobacteraceae;FAMILY
8468;Hymenochaetaceae;FAMILY
1304;Hymenochaetales;ORDER
9606178;Hymenochaetopsis;GENUS
9758565;Hymenochaetopsis olivacea;SPECIES
1457;Hymenoptera;ORDER
2513008;Hymenoscyphus;GENUS
2582306;Hymenoscyphus repandus;SPECIES
7984607;Hymenostomatida;ORDER
2928979;Hyoscyamus albus;SPECIES
8282;Hyphochytriaceae;FAMILY
105135905;Hyphochytriomycetes;CLASS
3202686;Hyphochytrium;GENUS
3202687;Hyphochytrium catenoides;SPECIES
2584898;Hyphodiscus;GENUS
2584918;Hyphodiscus hymeniophilus;SPECIES
2518740;Hyphodontia;GENUS
2518830;Hyphodontia rimosissima;SPECIES
7815;Hyphomicrobiaceae;FAMILY
3220906;Hyphomicrobium;GENUS
617;Hypnales;ORDER
1290;Hypocreales;ORDER
7215;Hypogastruridae;FAMILY
6108754;Iamia;GENUS
6108753;Iamiaceae;FAMILY
105098238;Ichthyophonida;ORDER
8262092;Ichthyosporea;CLASS
7653024;Idiocolpoda pelobia;SPECIES
7421138;Ignavibacteria;ORDER
7922346;Ignavibacteriaceae;FAMILY
7421138C1;Ignavibacteriae;CLASS
8087382;Ignavibacteriales;ORDER
7578709;Ignavibacterium;GENUS
5414239;Ilex crenata;SPECIES
8163778;Ilsiella palustris;SPECIES
7847506;Ilsiella venusta;SPECIES
5905178;Ilumatobacter;GENUS
9789391;Imbricatea;CLASS
2891766;Impatiens;GENUS
216;Insecta;CLASS
3834;Intrasporangiaceae;FAMILY
2595139;Iodophanus;GENUS
2595140;Iodophanus carneus;SPECIES
2928551;Ipomoea batatas;SPECIES
2928538;Ipomoea hederacea;SPECIES
4555623;Isolaimida;FAMILY
2609;Isolaimiidae;FAMILY
9619850;Isolaimium;GENUS
4349368;Isolaimium multistriatum;SPECIES
3228987;Isosphaera;GENUS
126037304;Isosphaeraceae;FAMILY
2120091;Isotoma;GENUS
5166886;Isotoma viridis;SPECIES
7214;Isotomidae;FAMILY
2120341;Isotomiella;GENUS
2120343;Isotomiella minor;SPECIES
2518115;Itersonilia;GENUS
9690045;Itersonilia pannonica;SPECIES
2518117;Itersonilia perplexans;SPECIES
7687;Ixioliriaceae;FAMILY
2781171;Ixiolirion;GENUS
2781176;Ixiolirion tataricum;SPECIES
2639987;Jaagiella;GENUS
2639987C1;Jaagiella alpicola;SPECIES
3225840;Janibacter;GENUS
3219885;Janthinobacterium;GENUS
7727825;Jaroschia sumptuosa;SPECIES
3072953;Jatropha curcas;SPECIES
2499;Juglandaceae;FAMILY
1019;Julida;ORDER
4012;Julidae;FAMILY
5353;Juncaceae;FAMILY
2701072;Juncus;GENUS
3109185;Jurinea;GENUS
8167665;Kahliella acrobates;SPECIES
7802550;Kahliella simplex;SPECIES
7944009;Kahlilembus attenuatus;SPECIES
7642388;Kalometopia duplicata;SPECIES
3222057;Kangiella;GENUS
128048847;Kangiellaceae;FAMILY
2983;Katiannidae;FAMILY
7948573;Keronella gracilis;SPECIES
7435552;Keronopsis algivora;SPECIES
7788463;Keronopsis alpestris;SPECIES
7408216;Keronopsis dieckmanni;SPECIES
8272070;Keronopsis helluo;SPECIES
7624418;Keronopsis tasmaniensis;SPECIES
7596749;Keronopsis wetzeli;SPECIES
4092;Kickxellaceae;FAMILY
750;Kickxellales;ORDER
3225798;Kineococcus;GENUS
7891973;Kineosporia;GENUS
3835;Kineosporiaceae;FAMILY
104255973;Kineosporiales;ORDER
7497270;Kinetoplastida;CLASS
3220542;Kofleria;GENUS
8943;Kofleriaceae;FAMILY
2556563;Kondoa;GENUS
3274;Kondoaceae;FAMILY
8084909;Krassniggia auxiliaris;SPECIES
3224344;Kribbella;GENUS
4900657;Ktedonobacter;GENUS
4899883;Ktedonobacteraceae;FAMILY
7761819;Ktedonobacterales;ORDER
7781780;Ktedonobacteria;CLASS
7920675;Kuehneltiella muscicola;SPECIES
7580283;Kuehneltiella terricola;SPECIES
7503159;Kuklikophrya ougandae;SPECIES
2556526;Kurtzmanomyces;GENUS
2556529;Kurtzmanomyces nectairei;SPECIES
3224755;Kutzneria;GENUS
2559067;Kuzuhaea;GENUS
2559068;Kuzuhaea moniliformis;SPECIES
312;Laboulbeniomycetes;CLASS
3220956;Labrys;GENUS
4C1;Labyrinthulales;ORDER
102529879;Labyrinthulomycetes;CLASS
7611;Lachnocladiaceae;FAMILY
7606454;Lacibacter;GENUS
7237887;Lacrymaria;GENUS
8041250;Lacrymaria marina;SPECIES
7958515;Lacrymariidae;FAMILY
3140231;Lactuca;GENUS
7403263;Lactuca sativa;SPECIES
2832;Laelapidae;FAMILY
7412340;Lagynophrya geleii;SPECIES
7990764;Lagynophrya trichocystis;SPECIES
2497;Lamiaceae;FAMILY
408;Lamiales;ORDER
3212657;Lamproderma;GENUS
7566514;Lamtostyla abdita;SPECIES
7712450;Lamtostyla australis;SPECIES
7877749;Lamtostyla edaphoni;SPECIES
7549436;Lamtostyla granulifera;SPECIES
8429924;Lamtostyla islandica;SPECIES
7378359;Lamtostyla kirkeniensis;SPECIES
8381802;Lamtostyla lamottei;SPECIES
5356393;Lathyrus linifolius;SPECIES
7434749;Laurentiella strenua;SPECIES
1048;Lecanorales;ORDER
180;Lecanoromycetes;CLASS
3223036;Legionella;GENUS
3223071;Legionella lytica;SPECIES
5155;Legionellaceae;FAMILY
707;Legionellales;ORDER
3225314;Leifsonia;GENUS
4738;Leiodidae;FAMILY
3225218;Lentzea;GENUS
3137422;Leontodon;GENUS
179;Leotiomycetes;CLASS
2120880;Lepidocyrtus;GENUS
2120899;Lepidocyrtus paradoxus;SPECIES
797;Lepidoptera;ORDER
4893086;Leptomyxa;GENUS
4893086C1;Leptomyxa reticulata;SPECIES
9727358;Leptomyxida;ORDER
4378584;Leptomyxidae;FAMILY
8198844;Leptopharynx;GENUS
8198844C1;Leptopharynx bromelicola;SPECIES
8178931;Leptopharynx costatus;SPECIES
7878699;Leptopharynx eurystoma;SPECIES
128048854;Leptophryidae;FAMILY
2568074;Leptosphaeria;GENUS
3540111;Leptosphaeria biglobosa;SPECIES
8307;Leptosphaeriaceae;FAMILY
9541;Leptospiraceae;FAMILY
7603327;Leucocybe;GENUS
7530876;Leucocybe candicans;SPECIES
3260;Leucosporidiaceae;FAMILY
1131;Leucosporidiales;ORDER
9534744;Leucosporidium;GENUS
9699215;Leucosporidium fragarium;SPECIES
9764955;Leucosporidium muscorum;SPECIES
2001760;Leuctra;GENUS
2998;Leuctridae;FAMILY
3229040;Levilinea;GENUS
1293;Liceales;ORDER
7699;Liliaceae;FAMILY
2555643;Limonomyces;GENUS
2555644;Limonomyces roseipellis;SPECIES
2493;Linaceae;FAMILY
3233877;Linostoma vorticella;GENUS
2873855;Linum;GENUS
2188311;Liochthonius;GENUS
2518398;Lipomyces;GENUS
4138;Lipomycetaceae;FAMILY
4888700;Lishizhenia;GENUS
5540;Lithobiidae;FAMILY
807;Lithobiomorpha;ORDER
9357423;Lithobius;GENUS
2230246;Lithobius forficatus;SPECIES
2230514;Lithobius variegatus;SPECIES
8415977;Litonotidae;FAMILY
7864222;Litonotus crinitus;SPECIES
8425588;Litonotus digitatus;SPECIES
7790130;Litonotus muscorum;SPECIES
7589559;Litostomatea;CLASS
3283658;Lobulomyces;GENUS
3283660;Lobulomyces angularis;SPECIES
3384455;Lobulomycetaceae;FAMILY
5952403;Lobulomycetales;ORDER
2706217;Lolium;GENUS
2706241;Lolium perenne;SPECIES
1611414;Lonchoptera;GENUS
1611430;Lonchoptera lutea;SPECIES
5560;Lonchopteridae;FAMILY
105100345;Longamoebia;ORDER
2590;Longidoridae;FAMILY
2282727;Longidorus;GENUS
4554365;Longidorus raskii;SPECIES
4554383;Longidorus vinearum;SPECIES
4886727;Longilinea;GENUS
3204461;Loxophyllum;GENUS
7952613;Loxophyllum utriculariae;SPECIES
4884890;Luedemannella;GENUS
6103;Lumbricidae;FAMILY
9806438;Lumbricus;GENUS
4410653;Lumbricus castaneus;SPECIES
7576647;Lumbricus centralis;SPECIES
8161409;Lumbricus friendi;SPECIES
4410657;Lumbricus terrestris;SPECIES
3222298;Luteimonas;GENUS
5907331;Luteimonas aestuarii;SPECIES
4575424;Luteolibacter;GENUS
8210570;Luticola;GENUS
7507829;Luticola permuticopsis;SPECIES
9194236;Lycogala;GENUS
3213461;Lycogala flavofuscum;SPECIES
3297360;Lycoperdaceae;FAMILY
2932923;Lycopersicon;GENUS
9608998;Lycopersicon esculentum;SPECIES
3222300;Lysobacter;GENUS
5731;Magnaporthaceae;FAMILY
7889691;Magnaporthales;ORDER
2569257;Magnaporthe;GENUS
3221650;Magnetospirillum;GENUS
220;Magnoliopsida;CLASS
2518091;Malassezia;GENUS
2518102;Malassezia globosa;SPECIES
7984866;Malasseziaceae;FAMILY
743;Malasseziales;ORDER
7480949;Malasseziomycetes;CLASS
4581;Mallomonadaceae;FAMILY
3195066;Mallomonas;GENUS
3220502;Malonomonas;GENUS
1414;Malpighiales;ORDER
3001244;Malus domestica;SPECIES
3001509;Malus sylvestris;SPECIES
3060998;Manihot esculenta;SPECIES
3061039;Manihot utilissima;SPECIES
4179;Marasmiaceae;FAMILY
2308278;Marionina;GENUS
4409889;Marionina cf. minutissima PDW-2010;SPECIES
4409891;Marionina clavata;SPECIES
2308295;Marionina communis;SPECIES
4409880;Marionina filiformis;SPECIES
2308278C1;Marionina sp;SPECIES
2308289;Marionina sublitoralis;SPECIES
3224324;Marmoricola;GENUS
3905670;Marrubium velutinum;SPECIES
3170190;Marsdenia;GENUS
3220860;Martelella;GENUS
7639807;Martelella endophytica;SPECIES
8240280;Maryna;GENUS
7480876;Maryna acuminata;SPECIES
7708999;Maryna antarctica;SPECIES
8031223;Maryna atra;SPECIES
7606668;Maryna lichenicola;SPECIES
7518643;Maryna ovata;SPECIES
7670289;Maryna umbrellata;SPECIES
8368596;Marynidae;FAMILY
3219853;Massilia;GENUS
8289875;Massisteria;GENUS
5899723;Massisteria marina;SPECIES
7639949;Matricaria;GENUS
8312129;Mayamaea;GENUS
2965200;Medicago;GENUS
2965221;Medicago laciniata;SPECIES
9151957;Medicago sativa;SPECIES
2122150;Megalothorax;GENUS
1240769;Meira;GENUS
2593966;Melastiza;GENUS
2593986;Melastiza contorta;SPECIES
6683;Melastomataceae;FAMILY
2971053;Melilotus alba;SPECIES
8005155;Meloidogyne;GENUS
2283983;Meloidogyne naasi;SPECIES
4556279;Meloidogynidae;FAMILY
5593;Melolonthidae;FAMILY
7889;Membracidae;FAMILY
2927173;Mentha;GENUS
2927173C1;Mentha piperita;GENUS
2540760;Meripilus;GENUS
2540761;Meripilus giganteus;SPECIES
7023889;Merliniidae;FAMILY
9003932;Merlinius;GENUS
4556193;Merlinius brevidens;SPECIES
4556202;Merlinius cf. microdorus TSH-2005;SPECIES
4556197;Merlinius joctus;SPECIES
975;Mermithida;ORDER
6495;Mermithidae;FAMILY
3084836;Mesembryanthemum;GENUS
9620582;Meseres;GENUS
7787296;Meseres corlissi;SPECIES
2282644;Mesodorylaimus;GENUS
2282644C1;Mesodorylaimus cf. nigritulus AV-2005;SPECIES
2283674;Mesorhabditis;GENUS
3220966;Mesorhizobium;GENUS
1109;Mesostigmata;ORDER
7443891;Metacineta micraster;SPECIES
8425237;Metacineta mystacina;SPECIES
2562464;Metarhizium;GENUS
2562645;Metarhizium anisopliae;SPECIES
4555808;Metateratocephalus;GENUS
3220334;Methylobacillus;GENUS
7816;Methylobacteriaceae;FAMILY
3220820;Methylobacterium;GENUS
3220879;Methylocapsa;GENUS
3220866;Methylocella;GENUS
4726;Methylocystaceae;FAMILY
8929;Methylophilaceae;FAMILY
649;Methylophilales;ORDER
3220331;Methylophilus;GENUS
3221069;Methylosinus;GENUS
3221071;Methylosinus sporium;SPECIES
3221070;Methylosinus trichosporium;SPECIES
7769227;Metopus contractus;SPECIES
7550194;Metopus es;SPECIES
8016226;Metopus hasei;SPECIES
7678405;Metopus ovalis;SPECIES
8412296;Metopus palaeformis;SPECIES
8138917;Metopus rectus;SPECIES
7679939;Metopus setosus;SPECIES
8701685;Metromonadea;CLASS
2641076;Micractinium;GENUS
8425;Microascaceae;FAMILY
1059;Microascales;ORDER
3837;Microbacteriaceae;FAMILY
3225370;Microbacterium;GENUS
150;Microbotryomycetes;CLASS
3836;Micrococcaceae;FAMILY
103969075;Micrococcales;ORDER
7941427;Microcoleaceae;FAMILY
3218437;Microcoleus;GENUS
5426932;Microcoleus vaginatus;SPECIES
7492783;Microdiaphanosoma arcuatum;SPECIES
2601;Microlaimidae;FAMILY
3225670;Microlunatus;GENUS
3224505;Micromonospora;GENUS
3838;Micromonosporaceae;FAMILY
103708288;Micromonosporales;ORDER
7707564;Microthoracida;ORDER
7707564C1;Microthoracidae;FAMILY
7717115;Microthorax simulans;SPECIES
126043370;Microthrixaceae;FAMILY
3220848;Microvirga;GENUS
4589;Mischococcaceae;FAMILY
1320;Mischococcales;ORDER
3201190;Mischococcus;GENUS
3201190C1;Mischococcus sphaerocephalus;SPECIES
8742;Mniaceae;FAMILY
445;Monhysterida;ORDER
2570;Monhysteridae;FAMILY
7690291;Monilicaryon;GENUS
7571206;Monilicaryon monilatum;SPECIES
196;Monocots;CLASS
7992299;Monocystidae;FAMILY
8324907;Monocystis;GENUS
8324907C1;Monocystis agilis;SPECIES
7459052;Monodinium balbiani;SPECIES
105096977;Monogononta;ORDER
898;Mononchida;ORDER
6505;Mononchidae;FAMILY
7469057;Monosiga;GENUS
8420648;Monosiga ovata;SPECIES
6562811;Moorella;GENUS
3219792;Moraxella;GENUS
4902158;Moraxella osloensis;SPECIES
9537;Moraxellaceae;FAMILY
2558228;Mortierella;GENUS
4093;Mortierellaceae;FAMILY
858;Mortierellales;ORDER
9479658;Mrakiaceae;FAMILY
4886632;Mucilaginibacter;GENUS
9467085;Mucor;GENUS
4094;Mucoraceae;FAMILY
749;Mucorales;ORDER
126032175;Mucoromycota;KINGDOM
9796761;Mucoromycotes;CLASS
7622979;Multiclavula;GENUS
2555295;Multiclavula mucida;SPECIES
8190743;Murraya paniculata;SPECIES
5564;Muscidae;FAMILY
7318319;Mutellina adonidifolia;SPECIES
3629113;Mutellina purpurea;SPECIES
8084;Mycobacteriaceae;FAMILY
8018537;Mycobacterium;GENUS
3220801;Mycoplana;GENUS
8116589;Mycterothrix tuamotuensis;SPECIES
7659622;Mykophagophrys;GENUS
8360084;Mykophagophrys terricola;SPECIES
1318775;Myrmica;GENUS
1318887;Myrmica scabrinodis;SPECIES
690;Myrtales;ORDER
8699;Myxochloridaceae;FAMILY
8944;Myxococcaceae;FAMILY
1384;Myxococcales;ORDER
103144795;Myxogastria;GENUS
319;Myxomycetes;CLASS
103949463;Myxomycota;GENUS
2076150;Myzus;GENUS
2076179;Myzus persicae;SPECIES
102565918;Nakamurella;GENUS
103963965;Nakamurellaceae;FAMILY
119722261;Nakamurellales;ORDER
102979699;Nannochloris;GENUS
102710151;Nannocystaceae;FAMILY
102710354;Nannocystis;GENUS
7551344;Nassophorea;CLASS
8066981;Nassula citrea;SPECIES
8129437;Nassula picta;SPECIES
7356029;Nassula protectissima;SPECIES
7440403;Nassula terricola;SPECIES
103483832;Nassulida;ORDER
103483858;Nassulidae;FAMILY
105128475;Naviculaceae;FAMILY
105128037;Naviculales;ORDER
7212;Neanuridae;FAMILY
3690;Neelidae;FAMILY
104293083;Neelipleona;ORDER
5967481;Nematoda;PHYLUM
2997;Nemouridae;FAMILY
2002690;Nemurella;GENUS
2002691;Nemurella pictetii;SPECIES
9790058;Neoascochyta;GENUS
9770002;Neoascochyta exitialis;SPECIES
9171551;Neobodo;GENUS
9171551C1;Neobodo designis;SPECIES
7930771;Neogeneia hortualis;SPECIES
8736197;Neogregarinorida;ORDER
2614150;Neophaeosphaeria;GENUS
4405846;Neopsilenchus;GENUS
4555937;Neopsilenchus magnidens;SPECIES
9598872;Neourostylopsis;GENUS
3169755;Nerium;GENUS
7317019;Nerium indicum;SPECIES
126060060;Nevskiales;ORDER
3228891;Niastella;GENUS
2928756;Nicotiana;GENUS
2928774;Nicotiana tabacum;SPECIES
3220964;Nitratireductor;GENUS
3222546;Nitrosococcus;GENUS
5441;Nitrosomonadaceae;FAMILY
1381;Nitrosomonadales;ORDER
6453386;Nitrosopumilaceae;FAMILY
6453387;Nitrosopumilus;GENUS
8079935C2;Nitrososphaera;GENUS
8079935;Nitrososphaeraceae;FAMILY
3220358;Nitrosospira;GENUS
102558290;Nitrospira;GENUS
5427444;Nitrospira marina;SPECIES
4722;Nitrospiraceae;FAMILY
103022487;Nitrospirae;PHYLUM
830;Nitrospirales;ORDER
2628185;Nitzschia;GENUS
5266190;Nitzschia pusilla;SPECIES
8205625;Nivaliella plana;SPECIES
9582951;Nocardia;GENUS
8085;Nocardiaceae;FAMILY
8087;Nocardioidaceae;FAMILY
3224302;Nocardioides;GENUS
1789671;Noctua;GENUS
1789695;Noctua pronuba;SPECIES
7015;Noctuidae;FAMILY
4378437;Nolandella;GENUS
3225488;Nonomuraea;GENUS
3249165;Nordiidae;FAMILY
1002811;Notholca;GENUS
1002835;Notholca acuminata;SPECIES
1247492;Notiophilus;GENUS
5023058;Notiophilus rufipes;SPECIES
7583500;Notohymena antarctica;SPECIES
7917408;Notohymena australis;SPECIES
8016841;Notohymena rubescens;SPECIES
8290993;Notoxoma parabryophryides;SPECIES
7724790;Notoxoma sigmoides;SPECIES
7512659;Novosphingobium;GENUS
2627321;Nowakowskiella;GENUS
2627324;Nowakowskiella elegans;SPECIES
3279475;Nowakowskiellaceae;FAMILY
3212286;Nuclearia;GENUS
2329;Nucleariidae;FAMILY
2588;Nygolaimidae;FAMILY
7350999;Nygolaimus;GENUS
5776914;Nygolaimus cf. brachyuris JH-2004;SPECIES
7381558;Obertrumia;GENUS
7457456;Obertrumia georgiana;SPECIES
8282652;Obertrumia kahli;SPECIES
1473;Oceanospirillales;ORDER
3220812;Ochrobactrum;GENUS
3220815;Ochrobactrum anthropi;SPECIES
4579;Ochromonadaceae;FAMILY
7073605;Ochromonadales;ORDER
9762970;Ochromonas;GENUS
9762970C1;Ochromonas vasocystis;SPECIES
98;Ochrophyta;PHYLUM
2927101;Ocimum sanctum;SPECIES
2307763;Octolasion;GENUS
2307766;Octolasion cyaneum;SPECIES
8106520;Odontochlamys alpestris;SPECIES
7447248;Odontochlamys convexa;SPECIES
7552351;Odontochlamys gouraudi;SPECIES
7743197;Odontochlamys wisconsinensis;SPECIES
2281434;Odontolaimus;GENUS
6027319;Oenanthe crocata;SPECIES
7951037;Ohtaekwangia;GENUS
105138682;Oikomonadaceae;FAMILY
3194509;Oikomonas;GENUS
6652;Oleaceae;FAMILY
115437118;Oligoflexaceae;FAMILY
115437121;Oligoflexales;ORDER
115435898;Oligoflexia;CLASS
8006472;Oligohymenophorea;CLASS
1958;Olpidiaceae;FAMILY
8137353;Olpidiales;ORDER
5C1;Olpidiomycetes;PHYLUM
5C2;Olpidiomycota;PHYLUM
2626967;Olpidium;GENUS
2626979;Olpidium bornovanus;SPECIES
2626969;Olpidium brassicae;SPECIES
2972595;Onobrychis viciifolia;SPECIES
2982;Onychiuridae;FAMILY
7625409;Onychodromopsis flexilis;SPECIES
4832;Onygenaceae;FAMILY
1041;Onygenales;ORDER
103720089;Oomycetes;CLASS
32;Oomycota;PHYLUM
7788922;Opercularia asymmetrica;SPECIES
8237243;Opercularia curvicaule;SPECIES
7460035;Ophiostoma;GENUS
5254225;Ophiostoma retusum;SPECIES
4157;Ophiostomataceae;FAMILY
1292;Ophiostomatales;ORDER
8097772;Opisthonecta minima;SPECIES
9103818;Opisthotricha terricola;SPECIES
5613;Opitutaceae;FAMILY
7669961;Opitutae;CLASS
8349054;Opitutales;ORDER
3229020;Opitutus;GENUS
2569635;Orbicula;GENUS
5258926;Orbicula parietina;SPECIES
2513009;Orbilia;GENUS
4127;Orbiliaceae;FAMILY
1056;Orbiliales;ORDER
181;Orbiliomycetes;CLASS
2120960;Orchesella;GENUS
2120979;Orchesella villosa;SPECIES
7689;Orchidaceae;FAMILY
8853899;Orciraptor;GENUS
8951948;Orciraptor agilis;SPECIES
4653212;Oribatida;FAMILY
7460;Oribatulidae;FAMILY
6651;Orobanchaceae;FAMILY
7892382;Orthoamphisiella franzi;SPECIES
7545388;Orthoamphisiella grelli;SPECIES
8052477;Orthoamphisiella stramenticola;SPECIES
7472879;Orthokreyella schiffmanni;SPECIES
1458;Orthoptera;ORDER
2703455;Oryza;GENUS
4110287;Oryza australiensis;SPECIES
2703459;Oryza sativa;SPECIES
3225829;Oryzihumus;GENUS
102792892;Oscillatoriales;ORDER
1194803;Otiorhynchus;GENUS
1195102;Otiorhynchus armadillo;SPECIES
8927;Oxalobacteraceae;FAMILY
2680202;Oxyrrhynchium;GENUS
4279461;Oxyrrhynchium hians;SPECIES
2579;Oxystominidae;FAMILY
7467984;Oxytricha;GENUS
8307873;Oxytricha auripunctata;SPECIES
8320870;Oxytricha gigantea;SPECIES
8187489;Oxytricha granulifera;SPECIES
8754583;Oxytricha hengshanensis;SPECIES
8037938;Oxytricha histrioides;SPECIES
7736897;Oxytricha islandica;SPECIES
8296495;Oxytricha lanceolata;SPECIES
8282405;Oxytricha longigranulosa;SPECIES
7514676;Oxytricha nauplia;SPECIES
7687728;Oxytricha opisthomuscorum;SPECIES
8311950;Oxytricha ottowi;SPECIES
7885156;Oxytricha proximata;SPECIES
9000164;Oxytricha quercineti;SPECIES
7402425;Oxytricha rubripuncta;SPECIES
8111179;Oxytricha setigera;SPECIES
7429863;Oxytricha siseris;SPECIES
8024317;Oxytricha tricirrata;SPECIES
8314658;Oxytrichidae;FAMILY
4706;Paenibacillaceae;FAMILY
3227538;Paenibacillus;GENUS
8380602;Palaeospora;GENUS
7879018;Palaeospora spainiae;SPECIES
4695;Palmellaceae;FAMILY
2639576;Palmellopsis;GENUS
2524401;Panaeolus;GENUS
6476;Panagrolaimidae;FAMILY
2283711;Panagrolaimus;GENUS
2559747;Pandora;GENUS
5250827;Pandora neoaphidis;SPECIES
2705144;Panicum dichotomiflorum;SPECIES
4122172;Panicum tennesseense;SPECIES
2705081;Panicum virgatum;SPECIES
2564468;Panorbis;GENUS
2564469;Panorbis viscosus;SPECIES
9477065;Pantopoda;ORDER
2888437;Papaver orientale;SPECIES
2422;Papaveraceae;FAMILY
7456585;Papillorhabdos multinucleatus;SPECIES
7968629;Parabryophrya penardi;SPECIES
5899695;Paracercomonas;GENUS
5899695C1;Paracercomonas astra;SPECIES
5899695C2;Paracercomonas compacta;SPECIES
5899695C3;Paracercomonas filosa;SPECIES
5899695C4;Paracercomonas paralaciniaegerens;SPECIES
7592556;Paracineta lauterbomi;SPECIES
8338250;Paraenchelys terricola;SPECIES
7490550;Paraenchelys wenzeli;SPECIES
7837768;Parafurgasonia sorex;SPECIES
3299;Paraglomeraceae;FAMILY
1147;Paraglomerales;ORDER
2560238;Paraglomus;GENUS
2560239;Paraglomus brasilianum;SPECIES
7461602;Paraholosticha lichenicola;SPECIES
7551954;Paraholosticha muscicola;SPECIES
8369369;Paraholosticha nana;SPECIES
7454029;Parakahliella haideri;SPECIES
7761759;Parakahliella macrostoma;SPECIES
8175667;Parakahliella terricola;SPECIES
7621887;Paramphisiella caudata;SPECIES
8020700;Paraphysoderma;GENUS
7484373;Paraphysoderma sedebokerense;SPECIES
8668;Paraphysomonadaceae;FAMILY
3195227;Paraphysomonas;GENUS
6083;Parasitidae;FAMILY
7235427;Paratylenchus;GENUS
5777105;Paratylenchus cf. neoamblicephalus;SPECIES
8267652;Paratylenchus microdorus;SPECIES
5777119;Paratylenchus similis;SPECIES
7505865;Paraurostyla granulifera;SPECIES
7683286;Paraurostyla pulchra;SPECIES
8305;Parmeliaceae;FAMILY
8100050;Paspalum vaginatum;SPECIES
2874172;Passiflora;GENUS
2378;Passifloraceae;FAMILY
9536;Pasteurellaceae;FAMILY
1472;Pasteurellales;ORDER
3228067;Pasteuria;GENUS
4896880;Pasteuriaceae;FAMILY
8038938;Pattersoniella vitiphila;SPECIES
3219908;Paucimonas;GENUS
3219909;Paucimonas lemoignei;SPECIES
3212296;Paulinella;GENUS
6585;Paulinellidae;FAMILY
3228812;Pedobacter;GENUS
8255496;Pedobacter luteus;SPECIES
8424887;Pedohymena australiense;SPECIES
3220895;Pedomicrobium;GENUS
104340218;Pedosphaera;GENUS
104340229;Pedosphaera parvula;SPECIES
7376082;Pelagotrichidium tisiae;SPECIES
9348640;Pelargonium;GENUS
3220504;Pelobacter;GENUS
3220051;Pelomonas;GENUS
4784087;Pemphigidae;FAMILY
2049366;Pemphigus;GENUS
9623011;Penicillium;GENUS
8237452;Peniophorella;GENUS
2523664;Peniophorella praetermissa;SPECIES
2706150;Pennisetum clandestinum;SPECIES
7506589;Pentahymena corticicola;SPECIES
7990941;Pentapharsodinium;GENUS
7990941C1;Pentapharsodinium tyrrhenicum;GENUS
4715;Peptococcaceae;FAMILY
72;Percolozoa;PHYLUM
8365682;Peregrinia;GENUS
8365682C1;Peregrinia clavideferens;SPECIES
2558252;Periconia;GENUS
2615417;Periconia macrospinosa;SPECIES
3305389;Periconiaceae;FAMILY
8302476;Peridiniaceae;FAMILY
8907302;Peridiniales;ORDER
1051626;Peritrichia;GENUS
8816809;Perkinsea;CLASS
8990843;Perkinsida;ORDER
7380935;Perkinsidae;FAMILY
4C2;Perkinsozoa;PHYLUM
3285708;Perkinsus;GENUS
4891819;Perlucidibaca;GENUS
6390748;Persicaria;GENUS
2574855;Pestalotiopsis;GENUS
2574966;Pestalotiopsis microspora;SPECIES
3034906;Petroselinum;GENUS
1487047;Peyerimhoffia;GENUS
4520829;Peyerimhoffia alpina;SPECIES
8766080;Peziza;GENUS
8399;Pezizaceae;FAMILY
1057;Pezizales;ORDER
316;Pezizomycetes;CLASS
8988077;Phacelia;GENUS
2928226;Phacelia tanacetifolia;SPECIES
7739586;Phacodinium metchnicoffi;SPECIES
7073593;Phaeophyceae;CLASS
2579070;Phaeosphaeria;GENUS
8312;Phaeosphaeriaceae;FAMILY
8403;Phaffomycetaceae;FAMILY
5289756;Phalaris arundinacea;SPECIES
2928623;Pharbitis hederacea;SPECIES
7665074;Phaselicystidaceae;FAMILY
8354269;Phaselicystis;GENUS
2947798;Phaseolus;GENUS
5350438;Phaseolus lunatus;SPECIES
5350452;Phaseolus vulgaris;SPECIES
9571613;Phenylobacterium;GENUS
3221686;Phenylobacterium lituiforme;SPECIES
7717371;Phialina;GENUS
7526876;Phialina binucleata;SPECIES
7855042;Phialina flagellifera;SPECIES
7779390;Phialina salinarum;SPECIES
8357519;Phialina terricola;SPECIES
7582007;Phialinides australis;SPECIES
7828720;Philasterida;ORDER
2524920;Phlebopus;GENUS
2525114;Phlebopus portentosus;SPECIES
2706001;Phleum;GENUS
6109699;Phoenix dactylifera;SPECIES
2528397;Pholiota;GENUS
2534205;Pholiota squarrosa;SPECIES
2513988;Phoma;GENUS
5262297;Phoma herbarum;SPECIES
104966712;Phthiraptera;ORDER
5913417;Phycisphaera;GENUS
7609484;Phycisphaera mikurensis;SPECIES
5913416;Phycisphaeraceae;FAMILY
8211192;Phycisphaerae;CLASS
7390951;Phycisphaerales;ORDER
7817;Phyllobacteriaceae;FAMILY
9676124;Phyllobacterium;GENUS
7665255;Phyllopharyngea;CLASS
3816;Physodermataceae;FAMILY
266;Phytomyxea;CLASS
3511;Phytoseiidae;FAMILY
7606064;Picea;GENUS
5284884;Picea abies;SPECIES
7606064C1;Picea excelsa;SPECIES
5284802;Picea mariana;SPECIES
2193785;Pilogalumna;GENUS
2193785C1;Pilogalumna rosauraruizae;SPECIES
3925;Pinaceae;FAMILY
640;Pinales;ORDER
2684241;Pinus;GENUS
5285604;Pinus halepensis;SPECIES
5285824;Pinus kesiya;SPECIES
3235;Piptocephalidaceae;FAMILY
2559028;Piptocephalis;GENUS
2559052;Piptocephalis graefenhanii;SPECIES
3228980;Pirellula;GENUS
3228981;Pirellula staleyi;SPECIES
2940361;Pisum;GENUS
5347845;Pisum sativum;SPECIES
8144973;Plagiocampa caudata;SPECIES
7510368;Plagiocampa difficilis;SPECIES
8062664;Plagiocampa rouxi;SPECIES
8168303;Plagiopogon;GENUS
7843031;Plagiopogon loricatus;SPECIES
9577926;Planctomyces;GENUS
7809;Planctomycetaceae;FAMILY
1218;Planctomycetales;ORDER
90;Planctomycetes;PHYLUM
103180101;Planctomycetia;CLASS
4707;Planococcaceae;FAMILY
2420;Plantaginaceae;FAMILY
3189695;Plantago;GENUS
1116;Plasmodiophorida;ORDER
4921124;Plasmodiophoridae;FAMILY
7961439;Platycola steineri;SPECIES
7787742;Platyophrya;GENUS
7983225;Platyophrya binucleata;SPECIES
7787742C1;Platyophrya bromelicola;SPECIES
7755989;Platyophrya macrostoma;SPECIES
8258329;Platyophrya paoletti;SPECIES
7637408;Platyophrya similis;SPECIES
8058651;Platyophrya spumacola;SPECIES
8072867;Platyophrya vorax;SPECIES
8350291;Platyophryidae;FAMILY
7642622;Platyophryides dragescoi;SPECIES
8149010;Platyophryides latus;SPECIES
7363436;Platyophryides magnus;GENUS
9530095;Platyreta;GENUS
9530095C1;Platyreta germanica;SPECIES
104233544;Plecoptera;ORDER
2607;Plectidae;FAMILY
5729;Plectosphaerellaceae;FAMILY
2283075;Plectus;GENUS
7026301;Plectus aquatilis;SPECIES
3540111C1;Plenodomus biglobosus;SPECIES
8315;Pleosporaceae;FAMILY
1047;Pleosporales;ORDER
8704;Pleurochloridaceae;FAMILY
3201319;Pleurochloris;GENUS
3201319C1;Pleurochloris meiringensis;SPECIES
7560244;Pleuronematida;ORDER
7773649;Pleuroplites australis;SPECIES
8291237;Pleuroplitoides smithi;SPECIES
7729658;Pleurostomatida;ORDER
2565621;Pleurostomophora;GENUS
1235;Ploima;ORDER
8447;Pluteaceae;FAMILY
2526826;Pluteus;GENUS
5241275;Pluteus petasatus;SPECIES
7641695;Pluteus phlebophorus;SPECIES
2704173;Poa;GENUS
2704179;Poa annua;SPECIES
2704178;Poa pratensis;SPECIES
8300875;Poa trivialis;SPECIES
3073;Poaceae;FAMILY
1369;Poales;ORDER
7699420;Podophrya halophila;SPECIES
2120438;Podura;GENUS
2122146;Podura aquatica;SPECIES
2876;Poduridae;FAMILY
4716061;Poduroides;GENUS
104293206;Poduromorpha;ORDER
3220095;Polaromonas;GENUS
4876;Polyangiaceae;FAMILY
3220602;Polyangium;GENUS
1247;Polydesmida;ORDER
4031;Polydesmidae;FAMILY
1014641;Polydesmus;GENUS
1020585;Polydesmus coriaceus;SPECIES
2416;Polygonaceae;FAMILY
2889077;Polygonum;GENUS
8199205;Polymyxa;GENUS
3204289;Polymyxa graminis;SPECIES
1145;Polyporales;ORDER
2683092;Polytrichum juniperinum;SPECIES
3228350;Pontibacter;GENUS
3221347;Porphyrobacter;GENUS
2531688;Porpoloma;GENUS
4899951;Poterioochromonas;GENUS
4899951C1;Poterioochromonas malhamensis;SPECIES
4899951C2;Poterioochromonas stipitata;SPECIES
4671;Pottiaceae;FAMILY
621;Pottiales;ORDER
7753291;Powellomycetaceae;FAMILY
6464;Pratylenchidae;FAMILY
2284138;Pratylenchoides;GENUS
4556321;Pratylenchoides ritteri;SPECIES
2284120;Pratylenchus;GENUS
6587163;Preussia;GENUS
6674;Primulaceae;FAMILY
2577;Prismatolaimidae;FAMILY
2279885;Prismatolaimus;GENUS
2281441;Prismatolaimus cf. dolichurus JH-2004;SPECIES
2557853;Proceropycnis;GENUS
2557854;Proceropycnis pinicola;SPECIES
2280381;Prodesmodora;GENUS
2280384;Prodesmodora circulata;SPECIES
2282603;Prodorylaimus;GENUS
8088;Propionibacteriaceae;FAMILY
102793571;Propionibacteriales;ORDER
3220297;Propionivibrio;GENUS
7352338;Prorodon;GENUS
7664449;Prorodontida;ORDER
8167704;Prorodontidae;FAMILY
3229032;Prosthecobacter;GENUS
3220944;Prosthecomicrobium;GENUS
8318312;Prostomatea;CLASS
2120509;Protaphorura;GENUS
2120510;Protaphorura armata;SPECIES
8332724;Protaspis;GENUS
8940667;Protaspis obliqua;SPECIES
111;Proteobacteria;PHYLUM
8280877;Protocyclidium;GENUS
8280877C1;Protocyclidium sinica;SPECIES
7958699;Protocyclidium terrenum;SPECIES
2513144;Protomyces;GENUS
8439;Protomycetaceae;FAMILY
2003179;Protonemura;GENUS
2003206;Protonemura meyeri;SPECIES
2191118;Protoribates;GENUS
2191143;Protoribates hakonensis;SPECIES
7471;Protoribatidae;FAMILY
8010048;Protospathidium bonnetti;SPECIES
8322605;Protospathidium muscicola;SPECIES
7803635;Protospathidium serpens;SPECIES
8411559;Protospathidium terricola;SPECIES
7C3;Protostelea;PHYLUM
1111;Protosteliales;ORDER
4920991;Protosteliida;FAMILY
5C3;Protosteliomycota;PHYLUM
2587614;Prototheca;GENUS
7;Protozoa;KINGDOM
1185;Protura;ORDER
3020559;Prunus;GENUS
3020791;Prunus avium;SPECIES
3021922;Prunus cerasus;SPECIES
7931731;Prunus domestica;SPECIES
3022502;Prunus dulcis;SPECIES
8149923;Prunus persica;SPECIES
3021120;Prunus salicina;SPECIES
2526774;Psathyrella;GENUS
4184;Psathyrellaceae;FAMILY
9422198;Pseudaphelenchus;GENUS
8342368;Pseudocarchesium claudicans;SPECIES
7902508;Pseudochilodonopsis;GENUS
7598030;Pseudochilodonopsis mutabilis;SPECIES
7663295;Pseudochilodonopsis polyvacuolata;SPECIES
8286565;Pseudocohnilembus marinus;SPECIES
7803056;Pseudocohnilembus pusillus;SPECIES
7889233;Pseudocohnilembus putrinus;SPECIES
8294715;Pseudocyrtolophosis;GENUS
7468873;Pseudocyrtolophosis alpestris;SPECIES
8037046;Pseudocyrtolophosis terricola;SPECIES
7948512;Pseudoholophrya terricola;SPECIES
8155820;Pseudokreyella australis;SPECIES
7855221;Pseudokreyella terricola;SPECIES
4888729;Pseudolabrys;GENUS
8255523;Pseudomicrothorax agilis;SPECIES
8275599;Pseudomicrothorax dubius;SPECIES
5607;Pseudomonadaceae;FAMILY
1474;Pseudomonadales;ORDER
3219881;Pseudomonas;GENUS
7402345;Pseudo-nitzschia;GENUS
2628789;Pseudo-nitzschia heimii;SPECIES
3224769;Pseudonocardia;GENUS
3841;Pseudonocardiaceae;FAMILY
104297547;Pseudonocardiales;ORDER
4378440;Pseudoparamoeba;GENUS
4378440C1;Pseudoparamoeba microlepis;SPECIES
2737019;Pseudophoenix sargentii;SPECIES
7566978;Pseudoplatynematum;GENUS
7566978C1;Pseudoplatynematum denticulatum;SPECIES
8296343;Pseudoplatyophrya;GENUS
7960295;Pseudoplatyophrya nana;SPECIES
8374002;Pseudoplatyophrya saltans;SPECIES
3201016;Pseudopleurochloris;GENUS
3201016C1;Pseudopleurochloris antarctica;SPECIES
1161;Pseudoscorpiones;ORDER
8083516;Pseudothuricola dionysii;SPECIES
2685796;Pseudotsuga menziesii;SPECIES
7365025;Pseudouroleptus;GENUS
8334060;Pseudouroleptus buitkampi;SPECIES
7538897;Pseudouroleptus procerus;SPECIES
7501409;Pseudourostyla franzi;SPECIES
7396624;Pseudovorticella;GENUS
7795527;Pseudovorticella mutans;SPECIES
7668387;Pseudovorticella punctata;SPECIES
8228684;Pseudovorticella sphagni;SPECIES
8069432;Psilotricha succisa;SPECIES
5953400;Psora;GENUS
4813;Psoraceae;FAMILY
9164;Psychodidae;FAMILY
1642567;Psychomora;GENUS
9334110;Psychomora mycophila;SPECIES
2518080;Pterula;GENUS
2540688;Pterula echo;SPECIES
8448;Pterulaceae;FAMILY
270;Pucciniomycetes;CLASS
2977636;Pueraria montana;SPECIES
2282607;Pungentus;GENUS
354;Pycnogonida;CLASS
2588233;Pyrenochaeta;GENUS
4131;Pyronemataceae;FAMILY
5362573;Pyrus communis;SPECIES
8294;Pythiaceae;FAMILY
105144602;Pythiales;ORDER
3202728;Pythium;GENUS
5424088;Pythium monospermum;SPECIES
5433907;Pythium rostratifingens;SPECIES
2569422;Pyxidiophora;GENUS
3442060;Pyxidiophora arvernensis;SPECIES
8340;Pyxidiophoraceae;FAMILY
1268;Pyxidiophorales;ORDER
8188029;Pyxidium tardigradum;SPECIES
5984;Qudsianematidae;FAMILY
3219897;Ralstonia;GENUS
3219898;Ralstonia solanacearum;SPECIES
8699276;Ramariopsis;GENUS
2540225;Ramariopsis kunzei;SPECIES
2559473;Ramicandelaber;GENUS
2410;Ranunculaceae;FAMILY
399;Ranunculales;ORDER
3033294;Ranunculus;GENUS
3225251;Rathayibacter;GENUS
R1;Resource_Decaying_wood;KINGDOM
R2;Resource_Light;KINGDOM
R3;Resource_SOM;KINGDOM
440;Rhabditida;ORDER
6474;Rhabditidae;FAMILY
2279676;Rhabditis;GENUS
6517;Rhabdolaimidae;FAMILY
2283127;Rhabdolaimus;GENUS
6064;Rhagidiidae;FAMILY
2888863;Rheum;GENUS
1408385;Rhithrogena;GENUS
4481401;Rhithrogena eatoni;SPECIES
7818;Rhizobiaceae;FAMILY
1221;Rhizobiales;ORDER
3220733;Rhizobium;GENUS
7073606;Rhizochloridales;ORDER
8612683;Rhizoctonia;GENUS
2555201;Rhizoctonia solani;SPECIES
2181947;Rhizoglyphus;GENUS
8317892;Rhizomicrobium;GENUS
1042814;Rhizophagus;GENUS
8003630;Rhizophagus intraradices;SPECIES
4158;Rhizophlyctidaceae;FAMILY
1060;Rhizophlyctidales;ORDER
8369656;Rhizophlyctis;GENUS
3385303;Rhizophlyctis harderi;SPECIES
2627419;Rhizophlyctis rosea;SPECIES
3814;Rhizophydiaceae;FAMILY
1117;Rhizophydiales;ORDER
2627132;Rhizophydium;GENUS
2627487;Rhizophydium patellarium;SPECIES
2627459;Rhizophydium planktonicum;SPECIES
3222358;Rhodanobacter;GENUS
126060013;Rhodanobacteraceae;FAMILY
4729;Rhodobacteraceae;FAMILY
1222;Rhodobacterales;ORDER
4727;Rhodobiaceae;FAMILY
2071998;Rhodobium;GENUS
3224437;Rhodococcus;GENUS
8931;Rhodocyclaceae;FAMILY
651;Rhodocyclales;ORDER
2883026;Rhododendron;GENUS
3220072;Rhodoferax;GENUS
3220934;Rhodomicrobium;GENUS
3221614;Rhodopila;GENUS
3221615;Rhodopila globiformis;SPECIES
3228996;Rhodopirellula;GENUS
3220920;Rhodoplanes;GENUS
3220030;Rhodopseudomonas;GENUS
4730;Rhodospirillaceae;FAMILY
1223;Rhodospirillales;ORDER
4894640;Rhodothermaceae;FAMILY
3228843;Rhodothermus;GENUS
4900166;Rhogostoma;GENUS
4900166C1;Rhogostoma schuessleri;SPECIES
7776664;Rhopalophrya elegans;SPECIES
2069512;Rhopalosiphum;GENUS
2069580;Rhopalosiphum padi;SPECIES
2986192;Ribes nigrum;SPECIES
2986097;Ribes rubrum;SPECIES
5380041;Ricinus communis;SPECIES
3223030;Rickettsiella;GENUS
2155880;Robertus;GENUS
2155886;Robertus neglectus;SPECIES
4281960;Romanomermis;GENUS
4281960C1;Romanomermis sichuanensis;SPECIES
8395064;Rosa;GENUS
3005039;Rosa chinensis;SPECIES
3003244;Rosa multiflora;SPECIES
5015;Rosaceae;FAMILY
691;Rosales;ORDER
119681548;Roseiarcaceae;FAMILY
102599719;Roseiflexaceae;FAMILY
3229055;Roseiflexus;GENUS
8083931;Rostrophrya camerounensis;SPECIES
8254606;Rostrophryides australis;SPECIES
91;Rotifera;PHYLUM
4281844;Rotylenchulus;GENUS
4556368;Rotylenchulus borealis;SPECIES
4556370;Rotylenchulus reniformis;SPECIES
2284116;Rotylenchus;GENUS
2284116C1;Rotylenchus vitis;SPECIES
9395544;Rubrobacter;GENUS
8094;Rubrobacteraceae;FAMILY
1201;Rubrobacterales;ORDER
103910464;Rubrobacteria;CLASS
2993094;Rubus idaeus;SPECIES
2990630;Rubus loganobaccus;SPECIES
7728833;Rudaea;GENUS
8286767;Rudaea cellulosilytica;SPECIES
2888942;Rumex;GENUS
8195144;Rumex crispus;SPECIES
1144;Russulales;ORDER
3210423;Saccamoeba;GENUS
7715336;Saccharibacillus;GENUS
2518181;Saccharomyces;GENUS
2599166;Saccharomyces cerevisiae;SPECIES
4140;Saccharomycetaceae;FAMILY
1281;Saccharomycetales;ORDER
182;Saccharomycetes;CLASS
3222768;Saccharophagus;GENUS
2595480;Saccobolus;GENUS
2595488;Saccobolus dilutellus;SPECIES
7509606;Sagittaria hyalina;SPECIES
6664;Salicaceae;FAMILY
3225307;Salinibacterium;GENUS
3236046;Salpingoecidae;FAMILY
2926981;Salvia;GENUS
2927028;Salvia nemorosa;SPECIES
8249932;Salvia splendens;SPECIES
3225655;Sanguibacter;GENUS
8090;Sanguibacteraceae;FAMILY
6657;Sapindaceae;FAMILY
933;Sapindales;ORDER
4789;Saprolegniaceae;FAMILY
1031;Saprolegniales;ORDER
8101;Saprospiraceae;FAMILY
9697778;Sarcomonadea;CLASS
542;Sarcoptiformes;ORDER
4133;Sarcosomataceae;FAMILY
8844979;Satchellius;GENUS
4410498;Satchellius mammalis;SPECIES
7399453;Sathrophilus muscorum;SPECIES
5840;Scarabaeidae;FAMILY
8795;Scenedesmaceae;FAMILY
4185;Schizophyllaceae;FAMILY
9805695;Schizoplasmodium;GENUS
3212626;Schizoplasmodium cavostelioides;SPECIES
9803786;Schizopyrenida;ORDER
2599319;Schwanniomyces;GENUS
3525;Sciaridae;FAMILY
9375673;Sclerostagonospora;GENUS
3737217;Scrophularia leucoclada;SPECIES
3170886;Scrophularia nodosa;SPECIES
5608571;Scutellaria peregrina;SPECIES
2560156;Scutellospora;GENUS
7417472;Scutellospora alterata;SPECIES
2552607;Scytinostroma;GENUS
3278;Sebacinaceae;FAMILY
531;Sebacinales;ORDER
2705966;Secale cereale;SPECIES
2874612;Sechium edule;SPECIES
8353847;Sediminibacterium;GENUS
9405333;Sediminibacterium aquarii;SPECIES
4888636;Segetibacter;GENUS
2284356;Seinura;GENUS
4559485;Seinura demani;SPECIES
2120985;Seira;GENUS
2120985C1;Seira barnardi;SPECIES
7819315;Semiplatyophrya foissneri;SPECIES
3302920;Septochytriaceae;FAMILY
2627355;Septochytrium;GENUS
2627356;Septochytrium variabile;SPECIES
7362059;Septoglomus;GENUS
2521517;Serpula;GENUS
5245040;Serpula incrassata;SPECIES
8454;Serpulaceae;FAMILY
3172622;Sesamum indicum;SPECIES
5289698;Setaria italica;SPECIES
5289693;Setaria pumila;SPECIES
3085897;Silene;GENUS
103422263;Silicofilosea;CLASS
3202401;Siluania;GENUS
3202401C1;Siluania monomastiga;SPECIES
9281454;Siluaniidae;FAMILY
3047584;Sinapis;GENUS
3047621;Sinapis alba;SPECIES
4572757;Singulisphaera;GENUS
7675640;Singulisphaera rosea;SPECIES
4893916;Sinobacteraceae;FAMILY
7550989;Sinomonas;GENUS
3243;Sirobasidiaceae;FAMILY
2518445;Sirobasidium;GENUS
2518446;Sirobasidium magnum;SPECIES
5955050;Sistotrema;GENUS
1181195;Sitona;GENUS
1181282;Sitona lineatus;SPECIES
3640348;Sium erectum;SPECIES
3221640;Skermanella;GENUS
9804522;Slooffia;GENUS
9815287;Slooffia cresolica;SPECIES
5844;Sminthuridae;FAMILY
2120564;Sminthurides;GENUS
2120580;Sminthurides aquaticus;SPECIES
2151;Sminthurididae;FAMILY
2122202;Sminthurinus;GENUS
4537148;Sminthurinus bimaculatus;SPECIES
7573560;Sminthurus;GENUS
5167064;Sminthurus viridis;SPECIES
7717;Solanaceae;FAMILY
1176;Solanales;ORDER
2930137;Solanum lycopersicum;SPECIES
2930617;Solanum melongena;SPECIES
2930262;Solanum tuberosum;SPECIES
7963029;Solenophrya flavescens;SPECIES
8323229;Solenophrya massula;SPECIES
8046289;Solenophrya sacculus;SPECIES
9593499C1;Solibacter;SPECIES
104001608;Solibacteraceae;FAMILY
104001610;Solibacterales;ORDER
103998662;Solibacteres;CLASS
3223551;Solirubrobacter;GENUS
4893819;Solirubrobacteraceae;FAMILY
7890285;Solirubrobacterales;ORDER
8132662;Solitalea;GENUS
8228544;Sonchus oleraceus;SPECIES
3220585;Sorangium;GENUS
3220586;Sorangium cellulosum;SPECIES
320;Sordariomycetes;CLASS
2705180;Sorghum;GENUS
4108497;Sorghum arundinaceum;SPECIES
2705181;Sorghum bicolor;SPECIES
4105531;Sorghum verticilliflorum;SPECIES
7826961;Sorogena stoianovitchae;SPECIES
102521455;Spartobacteria;CLASS
7816034;Spathidiidae;FAMILY
7704077;Spathidium;GENUS
7386430;Spathidium alpinum;SPECIES
7469569;Spathidium anguilla;SPECIES
7658845;Spathidium bavariense;SPECIES
7558471;Spathidium claviforme;SPECIES
8217651;Spathidium furcatum;SPECIES
7458115;Spathidium geobium;SPECIES
7897919;Spathidium holsatiae;SPECIES
7989776;Spathidium lagyniforme;SPECIES
8159328;Spathidium longicaudatum;SPECIES
7823635;Spathidium multinucleatum;SPECIES
7776706;Spathidium muscicola;SPECIES
7692438;Spathidium procerum;SPECIES
7540493;Spathidium rusticanum;SPECIES
6147376;Spathidium scalpriforme;SPECIES
7603373;Spathidium seppelti;SPECIES
7766976;Spathidium simplinucleatum;SPECIES
7574684;Spathidium spathula;SPECIES
7926595;Spathidium spathuloides;SPECIES
7604945;Spetazoon australiense;SPECIES
3223442;Sphaerobacter;GENUS
3850;Sphaerobacteraceae;FAMILY
1202;Sphaerobacterales;ORDER
3283231;Sphaerobolaceae;FAMILY
8086091;Sphaerobolus;GENUS
5249473;Sphaerobolus stellatus;SPECIES
3236030;Sphaeroeca;GENUS
3194322;Sphaeroeca volvox;SPECIES
7919500;Sphaerophrya terricola;SPECIES
7429582;Sphaeropleales;ORDER
5967;Sphaerulariidae;FAMILY
4906759;Sphenoderia;GENUS
9797892C1;Sphenoderiidae;FAMILY
8103;Sphingobacteriaceae;FAMILY
1204;Sphingobacteriales;ORDER
7803622;Sphingobacteriia;CLASS
3228645;Sphingobacterium;GENUS
3221329;Sphingobium;GENUS
5912003;Sphingobium olei;SPECIES
8926;Sphingomonadaceae;FAMILY
647;Sphingomonadales;ORDER
3221354;Sphingomonas;GENUS
7765764;Sphingomonas changbaiensis;SPECIES
8360645;Sphingomonas fennica;SPECIES
3221314;Sphingosinicella;GENUS
3228138;Spirochaeta;GENUS
9542;Spirochaetaceae;FAMILY
1476;Spirochaetales;ORDER
217;Spirochaetes;CLASS
3228138C1;Spirochaetia;CLASS
7806059;Spirofilidae;FAMILY
7982209;Spirotrichea;CLASS
2022804;Spissistilus;GENUS
2022805;Spissistilus festinus;SPECIES
2627401;Spizellomyces;GENUS
2627404;Spizellomyces punctatus;SPECIES
3242;Spizellomycetaceae;FAMILY
519;Spizellomycetales;ORDER
3204342;Spongospora;GENUS
3204350;Spongospora nasturtii;SPECIES
7817088;Spongospora subterranea;SPECIES
103488920;Sporadotrichida;ORDER
3224260;Sporichthya;GENUS
3842;Sporichthyaceae;FAMILY
7592;Sporidiobolaceae;FAMILY
1129;Sporidiobolales;ORDER
2518166;Sporobolomyces;GENUS
3288025;Sporocadaceae;FAMILY
4822;Sporormiaceae;FAMILY
7039776;Sporozoa;CLASS
3194566;Spumella;GENUS
3194566C1;Spumella lacusvadosi;GENUS
3194568;Spumella vulgaris;SPECIES
4904550;Stachyamoeba;GENUS
7733260;Stachybotryaceae;FAMILY
2927229;Stachys arvensis;SPECIES
2927245;Stachys palustris;SPECIES
2925448;Stachytarpheta dichotoma;GENUS
2925463;Stachytarpheta jamaicensis;SPECIES
8158554;Stammeridium kahli;SPECIES
7854;Staphylinidae;FAMILY
4708;Staphylococcaceae;FAMILY
7945561;Staphylococcus;GENUS
7426047;Steinia platystoma;SPECIES
3221582;Stella;GENUS
3085667;Stellaria;GENUS
4920982;Stemonitida;ORDER
4920982C1;Stemonitidae;FAMILY
7757178;Stenamoeba;GENUS
7757178C1;Stenamoeba limacina;SPECIES
3222368;Stenotrophomonas;GENUS
8157265;Stephanoecidae;FAMILY
2552403;Stephanospora;GENUS
5249037;Stephanospora caroticolor;SPECIES
3280;Stephanosporaceae;FAMILY
7982892;Stephensia;GENUS
5258938;Stephensia shanorii;SPECIES
3279;Stereaceae;FAMILY
2513764;Stereum;GENUS
2553044;Stereum ostrea;SPECIES
7695846;Sterkiella cavicola;SPECIES
7815322;Sterkiella histriomuscorum;SPECIES
7650617;Sterkiella similis;SPECIES
8412563;Sterkiella thompsoni;SPECIES
8392425;Steroidobacter;GENUS
3220311;Sterolibacterium;GENUS
8354794;Stichotricha aculeata;SPECIES
8050047;Stichotrichida;ORDER
4653827;Stigmalychus;GENUS
7675782;Stigmatella;GENUS
2561394;Stilbocrea;GENUS
2561637;Stilbocrea macrostoma;SPECIES
3224243;Streptacidiphilus;GENUS
3224243C1;Streptacidiphilus alcalitolerans;SPECIES
2584528;Streptomyces;GENUS
7962370;Streptomyces abietis;SPECIES
8091;Streptomycetaceae;FAMILY
104297553;Streptomycetales;ORDER
36C1;Streptophyta;PHYLUM
3844;Streptosporangiaceae;FAMILY
104297571;Streptosporangiales;ORDER
3223562;Streptosporangium;GENUS
2593323;Strobiloscypha;GENUS
4186;Strophariaceae;FAMILY
8168021;Stylaria;GENUS
8199648;Stylonychia bifaria;SPECIES
8008384;Stylonychia mytilus;SPECIES
7894445;Stylonychia pustulata;SPECIES
7610663;Stylonychia quadnnucleata;SPECIES
8316594;Stylonychia stylomuscorum;SPECIES
104294899;Symphypleona;ORDER
6708;Symplocaceae;FAMILY
3032996;Symplocos;GENUS
7157705;Symplocos paniculata;SPECIES
8206374;Sympoventuriaceae;FAMILY
2559070;Syncephalis;GENUS
2559079;Syncephalis depressa;SPECIES
2559082;Syncephalis fuscata;SPECIES
7568;Synchytriaceae;FAMILY
2593015;Synchytrium;GENUS
4893114;Syncystidae;FAMILY
8045705C1;Syncystis mirabilis;SPECIES
9003358;Syndiniales;ORDER
3216715;Synechococcus;GENUS
4877;Syntrophaceae;FAMILY
3220384;Syntrophobacter;GENUS
8946;Syntrophobacteraceae;FAMILY
656;Syntrophobacterales;ORDER
3220393;Syntrophus;GENUS
600;Synurales;ORDER
7073604;Synurophyceae;CLASS
4405532;Tachyporus;GENUS
4438583;Tachyporus hypnorum;SPECIES
8251279;Tachysoma;GENUS
7560112;Tachysoma granulifera;SPECIES
8191111;Tachysoma humicola;SPECIES
7735326;Tachysoma pellionellum;SPECIES
3088488;Tagetes erecta;SPECIES
2598197;Talaromyces;GENUS
1299;Taphrinales;ORDER
184;Taphrinomycetes;CLASS
8322495;Taraxacum;GENUS
5394473;Taraxacum kok-saghyz;SPECIES
5394163;Taraxacum officinale;SPECIES
4863;Taxaceae;FAMILY
2684902;Taxus;GENUS
3655;Tectocepheidae;FAMILY
2193269;Tectocepheus;GENUS
4C3;Tectofilosida;ORDER
7965484;Telostomatella ferroi;SPECIES
8125679;Telotrochidium cylindricum;SPECIES
126080982;Tepidisphaeraceae;FAMILY
126061978;Tepidisphaerales;ORDER
6516;Teratocephalidae;FAMILY
2283040;Teratocephalus;GENUS
2283045;Teratocephalus terrestris;SPECIES
3189394;Terminalia catappa;SPECIES
7803675;Terricirra livida;SPECIES
7694891;Terricirra matsusakai;SPECIES
8322650;Terricirra stramenticola;GENUS
7388836;Terricirra viridis;SPECIES
4887298;Terriglobus;GENUS
3228837;Terrimonas;GENUS
7917666;Terrimonas arctica;SPECIES
2119703;Tetracanthella;GENUS
7897345;Tetrahymena;GENUS
8139004;Tetrahymena edaphoni;SPECIES
7866224;Tetrahymena rostrata;SPECIES
7897345C1;Tetrahymena terncola;SPECIES
7602988;Tetrahymenidae;FAMILY
6057;Tetranychidae;FAMILY
2130777;Tetranychus;GENUS
2130185;Tetranychus urticae;SPECIES
631;Tetrasporales;ORDER
4404394;Tetrodontophora;GENUS
4538324;Tetrodontophora bielanensis;SPECIES
4378164;Thaumatomastigidae;FAMILY
3194422;Thaumatomastix;GENUS
9745032;Thaumatomonadida;ORDER
9703717;Thaumatomonas;GENUS
2166;Thecamoebida;FAMILY
9720891;Thecofilosea;CLASS
9719611;Thecomonadea;CLASS
2595516;Thecotheus;GENUS
2595518;Thecotheus holmskjoldii;SPECIES
3277;Thelephoraceae;FAMILY
530;Thelephorales;ORDER
9583;Theridiidae;FAMILY
3226216;Thermaerobacter;GENUS
7792;Thermoactinomycetaceae;FAMILY
3226904;Thermoanaerobacter;GENUS
7462937;Thermoanaerobacteraceae;FAMILY
7579411;Thermoanaerobacterales;ORDER
3227472;Thermoflavimicrobium;GENUS
4892709;Thermoleophilaceae;FAMILY
7577527;Thermoleophilales;ORDER
103371097;Thermoleophilia;CLASS
3223547;Thermoleophilum;GENUS
363;Thermomicrobia;CLASS
3222292;Thermomonas;GENUS
3845;Thermomonosporaceae;FAMILY
295;Thermoplasmata;CLASS
8408880;Thiobacillus;GENUS
7940377;Thiohalospira;GENUS
3222596;Thiorhodospira;GENUS
4769;Thraustochytriaceae;FAMILY
4387;Thripidae;FAMILY
2684168;Thuja;GENUS
7707822;Thuricola innixa;SPECIES
7790494;Thuricola kellicottiana;SPECIES
7554259;Thylakidium typicum;SPECIES
1228;Thysanoptera;ORDER
3152047;Tilia cordata;SPECIES
1446543;Tipula;GENUS
1505603;Tipula abdominalis;SPECIES
1504935;Tipula cockerelliana;SPECIES
7634;Tipulidae;FAMILY
7665102;Tokophrya muscicola;SPECIES
8171593;Tomentella;GENUS
3632589;Torilis neglecta;SPECIES
7428245;Trachelophyllidae;FAMILY
7494454;Trachelophyllum apiculatum;SPECIES
7482626;Trachelostylidae;FAMILY
7707728;Tracheophyta;PHYLUM
332;Trebouxiophyceae;CLASS
2521949;Trechispora;GENUS
2523138;Trechispora farinacea;SPECIES
529;Trechisporales;ORDER
1037288;Trechus;GENUS
1037319;Trechus obtusus;SPECIES
4476667;Trechus quadristriatus;SPECIES
1123;Tremellales;ORDER
149;Tremellomycetes;CLASS
3200877;Tribonema;GENUS
4594;Tribonemataceae;FAMILY
602;Tribonematales;ORDER
1001946;Trichocerca;GENUS
1002070;Trichocerca rattus;SPECIES
8115;Trichocercidae;FAMILY
8324;Trichocomaceae;FAMILY
5980;Trichodoridae;FAMILY
2527766;Tricholoma;GENUS
8787;Tricholomataceae;FAMILY
7961365;Trichomeriaceae;FAMILY
3826;Trichosporonaceae;FAMILY
7575076;Trichosporonales;ORDER
8116740;Trichostomatida;ORDER
7439614;Tricoronella pulchra;SPECIES
2973363;Trifolium;GENUS
5359378;Trifolium incarnatum;SPECIES
8324121;Trifolium pratense;SPECIES
5358748;Trifolium repens;SPECIES
5359330;Trifolium subterraneum;SPECIES
5359334;Trifolium vesiculosum;SPECIES
5359181;Trifolium vestitum;SPECIES
7780989;Trihymena terricola;SPECIES
6320394;Trinema;GENUS
5425542;Trinema enchelys;SPECIES
5730700;Trinema lineare;SPECIES
3235224;Trinematidae;FAMILY
781;Triplonchida;ORDER
2281488;Tripyla;GENUS
6496;Tripylidae;FAMILY
7810622;Trithigmostoma bavariensis;SPECIES
2706388;Triticum;GENUS
7795888;Triticum aestivum;SPECIES
2706402;Triticum spelta;SPECIES
8022978;Trochiliopsis;GENUS
8309291;Trochiliopsis australis;SPECIES
543;Trombidiformes;ORDER
3208283;Trypanosoma;GENUS
6009069;Trypanosomatidae;FAMILY
8282501;Tuber;GENUS
4134;Tuberaceae;FAMILY
2613761;Tubeufia;GENUS
2613773;Tubeufia helicomyces;SPECIES
8316;Tubeufiaceae;FAMILY
7759254;Tubeufiales;ORDER
9775802;Tubulinea;CLASS
2555245;Tulasnella;GENUS
2555446;Tulasnella calospora;SPECIES
4198;Tulasnellaceae;FAMILY
2120524;Tullbergia;GENUS
5167040;Tullbergia yosii;SPECIES
5842;Tullbergiidae;FAMILY
3228217;Turneriella;GENUS
972;Tylenchida;ORDER
6463;Tylenchidae;FAMILY
5983;Tylencholaimidae;FAMILY
2282663;Tylencholaimus;GENUS
2549;Tylenchulidae;FAMILY
4281839;Tylenchus;GENUS
4556103;Tylenchus arcuatus;SPECIES
2181931;Tyrophagus;GENUS
195;Ulvophyceae;CLASS
102522790;uncultured Acidobacterium UA3;GENUS
4895670;Undibacterium;GENUS
8261462;Urliella terticola;SPECIES
8045570;Uroleptus humicola;SPECIES
8199022;Uroleptus lepisma;SPECIES
7510309;Uroleptus musculus;SPECIES
7907886;Uroleptus notabilis;SPECIES
8283897;Uronema nigricans;SPECIES
7840435;Uronematidae;FAMILY
2188216;Uropoda;GENUS
4549547;Uropoda orbicularis;SPECIES
6081;Uropodidae;FAMILY
7696840;Urosoma acuminata;SPECIES
8196207;Urosoma cienkowskii;SPECIES
7623590;Urosoma karinae;SPECIES
8058518;Urosoma macrostoma;SPECIES
8011757;Urosoma macrostyla;SPECIES
7770200;Urosoma octonucleata;SPECIES
8091504;Urosomoida agiliformis;SPECIES
7969533;Urosomoida agilis;SPECIES
8298972;Urosomoida antarctica;SPECIES
7717324;Urosomoida dorsiincisura;SPECIES
7918204;Urosomoida granulifera;SPECIES
8045705;Urospora;GENUS
3204810;Urostyla;GENUS
7680285;Urostyla grandis;SPECIES
7535035;Urostyla muscorum;SPECIES
7945900;Urostylida;ORDER
7556057;Urostylidae;FAMILY
3250959;Urtica;GENUS
7960979;Urtica dioica;SPECIES
6639;Urticaceae;FAMILY
3821;Ustilaginaceae;FAMILY
1121;Ustilaginales;ORDER
148;Ustilaginomycetes;CLASS
7950441;Vaginicola chaperoni;SPECIES
7505219;Vaginicola doliolum;SPECIES
8103918;Vaginicola terricola;SPECIES
7637050;Vaginicola virgula;SPECIES
4378395;Vahlkampfiidae;FAMILY
3212311;Vampyrella;GENUS
5436536;Vampyrella pendula;SPECIES
9818075;Vampyrellida;CLASS
6586;Vampyrellidae;FAMILY
3220178;Variovorax;GENUS
3201037;Vaucheria;GENUS
8299209;Vaucheria terrestris;SPECIES
4596;Vaucheriaceae;FAMILY
1321;Vaucheriales;ORDER
4406135;Veigaia;GENUS
4548736;Veigaia nemorensis;SPECIES
6079;Veigaiidae;FAMILY
8707821;Veleshkinema;GENUS
8495622;Veleshkinema iranicum;SPECIES
7446671;Venturiales;ORDER
2925470;Verbena;GENUS
103498069;Vermamoeba;GENUS
103498073;Vermamoeba vermiformis;SPECIES
3172047;Veronica;GENUS
4841;Verrucariaceae;FAMILY
1043;Verrucariales;ORDER
48;Verrucomicrobia;PHYLUM
48C1;Verrucomicrobia subdivision 3;FAMILY
9545;Verrucomicrobiaceae;FAMILY
219;Verrucomicrobiae;CLASS
1479;Verrucomicrobiales;ORDER
3229030;Verrucomicrobium;GENUS
7737552;Vertagopus;GENUS
2705233;Vetiveria zizanioides;SPECIES
3236919;Vexillifera;GENUS
3236919C1;Vexillifera bacillipedes;SPECIES
3236916;Vexilliferidae;FAMILY
2974751;Vicia;GENUS
2974832;Vicia faba;SPECIES
2975014;Vicia sativa;SPECIES
2982372;Vigna;GENUS
2982508;Vigna angularis;SPECIES
2982380;Vigna radiata;SPECIES
2982583;Vigna unguiculata;SPECIES
5331181;Viola odorata;SPECIES
6631;Violaceae;FAMILY
9397538;Viridiraptoridae;FAMILY
9777603;Vishniacozyma;GENUS
9713565;Vishniacozyma carnescens;SPECIES
5372392;Vitis vinifera;SPECIES
7351754;Vorticella;GENUS
7351754C1;Vorticella astyliformis;SPECIES
7940383;Vorticella campanula;SPECIES
7525562;Vorticella infusionum;SPECIES
8109018;Vorticella lichenicola;SPECIES
7813028;Vorticella microstoma;SPECIES
7612863;Vorticella muralis;SPECIES
7876435;Vorticella operculariformis;SPECIES
7578445;Vorticella similis;SPECIES
8161533;Vorticellidae;FAMILY
9345269;Vorticellides;GENUS
115379392;Vulgatibacteraceae;FAMILY
9566307;Waitea;GENUS
5249953;Waitea circinata;SPECIES
7964734;Wallackia bujoreani;SPECIES
2120827;Willowsia;GENUS
2120836;Willowsia nigromaculata;SPECIES
2928840;Withania somnifera;SPECIES
8402186;Woodruffia australis;SPECIES
7879546;Woodruffia rostrata;SPECIES
7387137;Woodruffides metabolicus;SPECIES
8160051;Woodruffiidae;FAMILY
3221102;Woodsholea;GENUS
3204300;Woronina;GENUS
8001169;Woronina pythii;SPECIES
4891652;Xanthobacteraceae;FAMILY
5611;Xanthomonadaceae;FAMILY
820;Xanthomonadales;ORDER
3220012;Xanthomonas;GENUS
3200900;Xanthonema;GENUS
3200900C1;Xanthonema bristolianum;SPECIES
2449;Xanthonemataceae;FAMILY
7073629;Xanthophyceae;CLASS
2590630;Xepicula;GENUS
2590632;Xepicula leucotricha;SPECIES
2282732;Xiphinema;GENUS
4554435;Xiphinema diversicaudatum;SPECIES
4168;Xylariaceae;FAMILY
1298;Xylariales;ORDER
2599451;Yarrowia;GENUS
2599452;Yarrowia lipolytica;SPECIES
2868827;Zantedeschia aethiopica;SPECIES
7513382;Zavarzinella;GENUS
2705049;Zea;GENUS
5290052;Zea mays;SPECIES
748;Zoopagales;ORDER
126032161;Zoopagomycota;PHYLUM
8257671;Zoothamniidae;FAMILY
7434304;Zoothamnium;GENUS
96;Zygomycota;PHYLUM
