SPEC;LABEL
Abies;8
Absidia glauca;1
Achaeta;1
Achaeta affinis;1
Achaeta bifollicula;1
Achaeta cf. bohemica PDW-2010;1
Achillea millefolium;8
Acidobacterium;4
Acidobacterium sp. pan6;4
Acinetobacter;2
Acrobeles sp.;6
Acrobeloides;6
Acrospermum;1
Acrospermum gramineum;1
Actinochloris sp. BCP-LG3VF20;4
Actinocrinis puniceicyclus;2
Actinomadura sp. 1g12710;2
Actinoplanes;2
Actinoplanes sp. IR51-RC111;2
Acyrthosiphon pisum;3
Adhaeribacter;2
Adineta vaga;0
Aeromicrobium panaciterrae;2
Aeromicrobium sp. HJX17;2
Aeromicrobium sp. RODSPM17;2
Aetherobacter;2
Aggregicoccus edonensis;2
Agriotes;7
Agriotes sordidus;7
Agromyces;2
Alaimus;6
Alicorhagia;3
Allovahlkampfia;0
Alnus;8
Altererythrobacter;2
Altererythrobacter buctense;2
Altererythrobacter sp. 100921-2;2
Ambispora fennica;9
Amphidelus cf. pusillus 9 Mile 3-17 LP-02;6
Amphileptus sp. ZY-2014b;6
Amphimallon solstitiale;3
Amplimerlinius;7
Amplimerlinius icarus;7
Amycolatopsis tolypomycina;2
Anaeromyxobacter;2
Anatonchus tridentatus;6
Angustibacter luteus;2
Anoplophrya marylandensis;4
Anteholosticha;6
Anteholosticha gracilis;6
Anteholosticha monilata;6
Anteholosticha rectangula;6
Anystis;3
Aphanomyces;7
Aphelenchoides;5
Aphelenchoides sp. 2137;5
Aphelenchus;5
Aphelenchus avenae;5
Aphidius ervi;3
Aphis;3
Aphodius johnsoni;3
Apiotrichum;1
Apiotrichum porosum;1
Aporcelaimellus sp. 2010_050;6
Apusomonas proboscidea;0
Aquihabitans daechungensis;2
Archaeorhizomyces;1
Archaeorhizomyces borealis;1
Archaeorhizomyces finlayi;1
Archaeospora sp. PODO7.3;9
Archaeospora trappei;9
Arcuospathidium namibiense;6
Arenimonas;2
Arenimonas daechungensis;2
Arenimonas sp. HMF3017;2
Arthrobacter;2
Articulospora proliferata;1
Ascobolus;1
Ascobolus stercorarius;1
Asterostroma andinum;1
Athous;3
Aulacorthum solani;3
Auxarthron;1
Azospirillum sp. T2-YC6788;2
Bacillus;2
Bacteriovorax sp. PNEc1;2
Bardeliella pulchra;0
Barynotus moerens;3
Barynotus obscurus;3
Basidiobolus;1
Basiria;7
Bastiania;6
Bastiania gracilis;6
Bdellovibrio;2
Bdellovibrio exovorus;2
Beauveria;4
Bicosoeca petiolata;0
Bisporella citrina;1
Blaberolaelaps sp. APGD-2010;3
Blastococcus;2
Blastococcus sp. URHB0062;2
Blastococcus sp. URHD0003;2
Blepharisma;0
Blepharisma hyalinum;0
Bodo;0
Bodomorpha;0
Bodomorpha sp. HFCC56;0
Bodomorpha sp. HFCC57;0
Bolbitius vitellinus;1
Boleodorus volutus;7
Bos taurus;7
Botryochloris sp. SiM-2003;4
Boudiera acanthospora;1
Brachyphoris oviparasitica;1
Bracteacoccus;4
Bradyrhizobium;2
Bradyrhizobium sp. Shinshu-th2;2
Bradyrhizobium sp. URHC0015;2
Bradysia subrufescens;3
Bresslaua vorax;6
Bresslauides discoideus;0
Brevundimonas;2
Bryometopus pseudochilodon;6
Bryometopus sphagni;6
Buchholzia fallax;1
Bullera;1
Bumilleriopsis;4
Burkholderia;2
Burkholderia cepacia;2
Caenimonas sp. TSX9-5;2
Calluna vulgaris;8
Camarophyllus;1
Campanella subdendrophora;1
Campodea;3
Campodea fragilis;3
Canavalia ensiformis;8
Candidatus Koribacter versatilis;4
Candidatus Nitrosocosmicus;2
Candidatus Nitrososphaera gargensis;2
Candidatus Solibacter;4
Candidatus Solibacter usitatus;4
Capsellina sp. ATCC 50039;6
Cardamine;8
Catellatospora sp. KC-EP-S6;2
Catenaria;1
Catenulispora;2
Catenulispora graminis;2
Caudiholosticha sp. Zlv-2015;6
Caudiholosticha sylvatica;6
Caulerpa cupressoides;4
Caulobacter;2
Caulobacter fusiformis;2
Caulobacter profundus;2
Cedrus;8
Cellulomonas;2
Cellvibrio;2
Cenarchaeum symbiosum;2
Cephalobus persegnis;6
Cephaloticoccus;2
Cerastium arcticum;8
Ceratophysella sp. FZ-2014;5
Cercomonas;0
Cercomonas alexieffi;0
Cercomonas braziliensis;0
Cercomonas celer;0
Cercomonas fastiga;0
Cercomonas media;0
Cercomonas parambigua;0
Cercomonas parincurva;0
Cercomonas radiata;0
Cercomonas rapida;0
Cercomonas sp. ATCC 50367;0
Cercomonas sp. HFCC 905;0
Cercomonas vacuolata;0
Cetraspora nodosa;9
Chaetosphaeria ciliata;1
Chamaedrilus aff. glandulosus A SM-2014;1
Cheilymenia stercorea;1
Chitinophaga;2
Chitinophaga oryziterrae;2
Chitinophaga pinensis;2
Chitinophaga sp. BN130233;2
Chlamydomonas;4
Chlamydomonas philotes;4
Chlamydomonas reinhardtii;4
Chlamydomyxa labyrinthuloides;0
Chlorella;4
Chlorella emersonii;4
Chlorellidium;4
Chlorellidium tetrabotrys;4
Chlorococcum;4
Choleva angustata;5
Chromosera;1
Chryseobacterium;2
Chthoniobacter flavus;2
Chthonius;3
Chthonius sp. 2 JM-2008;3
Chytridium polysiphoniae;4
Cladosporium;7
Cladosporium sp. CB-20;7
Clarkus;6
Claroideoglomus claroideum;9
Clavibacter;2
Clostridium;2
Codosiga;0
Coelastrella saipanensis;4
Colpoda;0
Colpoda inflata;0
Colpoda sp. MD-2011;0
Colpoda sp. PRA-118;0
Conexibacter;2
Conopodium majus;8
Cordyceps cylindrica;4
Cordyceps memorabilis;4
Corythion dubium;0
Craterocolla cerasi;1
Cryphonectria parasitica;1
Cryptococcus amylolentus;1
Cultellothrix coemeterii;6
Cultellothrix lionotiformis;6
Cylindroiulus caeruleocinctus;3
Cyphellophora sessilis;1
Cystobasidium;4
Cytophaga hutchinsonii;2
Dactylis glomerata;8
Dactylosporangium;2
Dechloromonas;2
Dechlorospirillum sp. SN1;2
Delftia;2
Demequina sp. CMS382;2
Desmodesmus;4
Desulfuromonas;2
Devosia;2
Devosia sp. P-37;2
Diaphanoeca spiralifurca;0
Diaphorobacter sp. NPG-14;2
Dictyosporium;1
Dileptus microstoma;6
Dileptus sp.;6
Dinobryon;4
Dioszegia;1
Dioszegia crocea;1
Diplogasteroides magnus;6
Discolaimus cf. major HHBM-2007a;6
Dissophora decumbens;1
Ditylenchus dipsaci;5
Diversispora;9
Diversispora varaderana;9
Dokdonella ginsengisoli;2
Dongia;2
Dongia sp. CB 286422;2
Duganella;2
Duganella sp. 2M1lan;2
Duganella sp. JPPB B33;2
Dyadobacter;2
Echinamoeba exundans;0
Ecumenicus;6
Edaphobacter;4
Edaphobacter dinghuensis;4
Emticicia sp. KJ033;2
Enchytraeus;1
Enchytraeus albidus;1
Enchytraeus buchholzi;1
Enchytraeus christenseni;1
Enchytraeus lacteus;1
Enchytraeus norvegicus;1
Endochytrium sp. JEL 324;1
Endogone;1
Endogone lactiflua;1
Endogone sp. OSC T14506;1
Endogone sp. W5994;1
Entomobrya multifasciata;5
Entomobrya sp. 9644 FZ-2013;5
Entyloma ficariae;4
Eocercomonas;0
Eocercomonas sp. HFCC 908;0
Eocercomonas sp. HFCC 909;0
Eosentomon sp. FNSA-2002;5
Epipyxis pulchra;0
Epispathidium sp. RV-2015;6
Epispathidium terricola;6
Epistylis;0
Eucephalobus striatus;6
Euduboscquella;4
Euglypha;0
Euglypha rotunda;0
Euglypha tuberculata;0
Eumonhystera;6
Euplotes;6
Euplotes balteatus;6
Euplotes qatarensis;6
Euplotes trisulcatus;6
Fallopia multiflora;8
Ferruginibacter;2
Ferruginibacter paludis;2
Ferruginibacter sp. WF24;2
Fibrella sp.;2
Filobasidium stepposum;1
Fistulifera;4
Flavisolibacter;2
Flavisolibacter rigui;2
Flavobacterium;2
Flavobacterium hydatis;2
Flavobacterium sp. BF134;2
Flavobacterium sp. HL-17;2
Flavobacterium sp. PDD-32b-56;2
Flavobacterium sp. R-38392;2
Flavosolibacter sp. HU1-JC5;2
Fluviicola;2
Fluviicola sp. YS 1.2.4;2
Folsomia candida;5
Folsomia quadrioculata;5
Forficula;5
Forficula auricularia;5
Forficula sp. NC-1995;5
Fridericia;1
Fridericia bisetosa;1
Fridericia christeri;1
Fridericia connata;1
Fridericia galba;1
Fridericia isseli;1
Fridericia magna;1
Fridericia paroniana;1
Fridericia ratzeli;1
Fridericia sohlenii;1
Fridericia sylvatica;1
Friesea grisea;5
Frigoribacterium sp. B1-25c-3;2
Funneliformis mosseae;9
Fuscheria;6
Fuscheria sp. VBOEF-2011;6
Gaeumannomyces graminis;7
Gaiella;2
Gaiella occulta;2
Geastrum saccatum;1
Gemmata;4
Gemmata obscuriglobus;4
Gemmata sp. Fl1-1;4
Gemmatimonas;4
Geobacter;2
Geobacter anodireducens;2
Geobacter sp. enrichment culture clone VanCtr1;2
Geodermatophilus;2
Geodermatophilus sp. Z2R53;2
Georgfuchsia toluolica;2
Geothrix;4
Gliricola sp. 274;3
Glomus;9
Glomus invermaium;9
Glomus sp. 9 SUN-2011;9
Gongronella;1
Gongronella butleri;1
Gonostomum;6
Gonostomum namibiense;6
Gonostomum sp. JS-2012;6
Gonostomum strenuum;6
Granulicella paludicola;4
Guepiniopsis buccina;1
Halteromyces radiatus;1
Hantzschia;4
Hantzschia amphioxys;4
Helianthus annuus;8
Helicotylenchus;7
Helicotylenchus varicaudatus;7
Hemiamphisiella terricola;6
Henlea;1
Herbaspirillum;2
Herpetomonas;4
Hesperelaea palmeri;8
Heterococcus caespitosus;4
Heterodera;7
Heteromita;0
Heterophrys sp. Oxford1;0
Hibberdia magna;4
Histiostoma feroniarum;5
Hodophilus hymenocephalus;1
Holcus;8
Holophaga sp. oral clone CA002;4
Holwaya mucida;1
Homalogastra setosa;0
Humibacter sp. Po15c;2
Hyalorbilia sp. HOB-2016a;1
Hydrocarboniphaga;2
Hydrogenophaga;2
Hygrocybe;1
Hygrocybe reidii;1
Hymenochaetopsis olivacea;1
Hymenoscyphus repandus;1
Hyphochytrium catenoides;4
Hyphodiscus hymeniophilus;1
Hyphodontia rimosissima;1
Hyphomicrobium;2
Iodophanus carneus;1
Isolaimium multistriatum;6
Isotoma viridis;5
Isotomiella minor;5
Itersonilia pannonica;7
Itersonilia perplexans;7
Jaagiella alpicola;4
Janibacter;2
Janthinobacterium;2
Jatrophihabitans;2
Juncus;8
Kineosporia;2
Klebsormidium;4
Kribbella;2
Kribbella sp. enrichment culture clone VanCtr42;2
Ktedonobacter sp. enrichment culture clone CTBE CDB1001H01;2
Kutzneria;2
Kuzuhaea moniliformis;1
Labrys;2
Lacrymaria marina;0
Lamproderma sp. SAPA:100012;0
Legionella;2
Legionella lytica;2
Leifsonia;2
Leifsonia sp. A5AGK;2
Lepidocyrtus paradoxus;5
Lepidocyrtus sp. 1 FZ-2013;5
Leptomyxa reticulata;0
Leptomyxa sp. AS-2016b;0
Leptopharynx bromelicola;0
Leptosphaeria biglobosa;4
Limonomyces roseipellis;7
Linum;8
Liochthonius sp. AD1300;5
Lithobius forficatus;3
Lithobius variegatus;3
Lonchoptera lutea;5
Longidorus;7
Longidorus raskii;7
Longidorus vinearum;7
Luedemannella sp. 119-1-07;2
Lumbricus centralis;4
Lumbricus friendi;4
Luteimonas aestuarii;2
Luticola permuticopsis;4
Lysobacter sp. MS6Y-8-7;2
Lysobacter sp. RHLT3-4;2
Lysobacter sp. YS-37;2
Magnaporthe;7
Magnetospirillum;2
Mallomonas;0
Marionina;1
Marionina cf. minutissima PDW-2010;1
Marionina clavata;1
Marionina filiformis;1
Marionina sublitoralis;1
Marmoricola;2
Martelella endophytica;2
Maryna ovata;0
Massilia;2
Massisteria marina;0
Mayamaea;4
Mayamaea sp. KAS1111;4
Megalothorax;5
Megalothorax sp. EA040003-cs17;5
Megalothorax sp. EA040004-cs23;5
Megalothorax sp. EA040008-cs9;5
Melastiza contorta;1
Meloidogyne naasi;7
Merlinius brevidens;7
Merlinius cf. microdorus TSH-2005;7
Merlinius joctus;7
Meseres corlissi;0
Mesodorylaimus cf. nigritulus AV-2005;6
Mesorhabditis sp. 334Meso1;6
Mesorhizobium;2
Metarhizium;4
Metarhizium anisopliae;4
Metateratocephalus;6
Methanomassiliicoccus sp. 138;2
Methanomassiliicoccus sp. 142;2
Methanomassiliicoccus sp. P27;2
Methylobacterium;2
Methylosinus sporium;2
Methylosinus trichosporium;2
Micractinium;4
Microbacterium;2
Microvirga;2
Mischococcus sphaerocephalus;4
Monilicaryon monilatum;6
Monocystis agilis;4
Monosiga ovata;0
Moraxella osloensis;2
Mortierella;1
Mortierella sp. MS-6;1
Mucilaginibacter;2
Mucilaginibacter sp. HME7565;2
Mucilaginibacter sp. UA-VH0703;2
Mucor;1
Multiclavula mucida;1
Mycobacterium;2
Mycobacterium sp. PSY065;2
Mycoplana sp. HP12Q;2
Mykophagophrys terricola;6
Myrmica scabrinodis;3
Myzus persicae;3
Nakamurella;2
Nakamurella sp. A24MTO;2
Nannochloris sp. JL 4-6;4
Neobodo designis;0
Neopsilenchus magnidens;7
Neourostylopsis;6
Niastella;2
Nitrososphaera;2
Nitrospira;4
Nitrospira marina;4
Nitzschia;4
Nitzschia pusilla;4
Nocardia;2
Nocardioides;2
Nocardioides sp.;2
Nocardioides sp. MSL 24;2
Nocardioides sp. RW28;2
Nocardioides sp. SSRB28-7;2
Noctua pronuba;3
Nolandella;0
Nonomuraea;2
Notholca acuminata;0
Notiophilus rufipes;3
Novosphingobium;2
Novosphingobium sp.;2
Nuclearia;6
Nygolaimus cf. brachyuris JH-2004;6
Obertrumia georgiana;0
Occallatibacter riparius;4
Ochrobactrum anthropi;2
Ochromonas;0
Ochromonas sp. CCMP2761;0
Ochromonas vasocystis;0
Odontolaimus;6
Oikomonas sp. SA-2.1;4
Oligoflexus tunisiensis;4
Olpidium bornovanus;4
Olpidium brassicae;4
Opitutus;2
Orbicula parietina;1
Orbilia sp. HOB-2016am;1
Orchesella villosa;5
Orciraptor agilis;6
Oricola cellulosilytica;2
Oryzihumus;2
Otiorhynchus armadillo;3
Oxytricha;0
Paenibacillus;2
Palaeospora spainiae;9
Palmellopsis sp. BCP-EM1VF1;4
Panacibacter ginsenosidivorans;2
Panaeolus;1
Panagrolaimus sp. PS443;6
Panorbis viscosus;1
Paracercomonas;0
Paracercomonas astra;0
Paracercomonas compacta;0
Paracercomonas filosa;0
Paracercomonas paralaciniaegerens;0
Paracercomonas sp. HFCC 913;0
Paracercomonas sp. HFCC 918;0
Parafilimonas terrae;2
Paraglomus;9
Paraglomus brasilianum;9
Paraphysomonas;0
Paraphysomonas sp. 22 JMS-2012;0
Paratylenchus;7
Paratylenchus cf. neoamblicephalus;7
Paratylenchus microdorus;7
Paratylenchus similis;7
Paucimonas lemoignei;2
Paulinella;0
Pedobacter;2
Pedobacter luteus;2
Pedobacter sp. FGR-05;2
Pedomicrobium;2
Pedosphaera parvula;2
Pelobacter;2
Pelomonas sp. CR2;2
Pelomonas sp. K89;2
Pemphigus;3
Penicillium;1
Penicillium sp. D01;1
Penicillium sp. SDI-2014f;1
Peniophorella praetermissa;1
Pentapharsodinium tyrrhenicum;4
Peregrinia clavideferens;0
Perlucidibaca;2
Persicaria;8
Peyerimhoffia alpina;3
Phacelia tanacetifolia;8
Phaeosphaeria;1
Phenylobacterium;2
Phenylobacterium lituiforme;2
Phenylobacterium sp. B6.10-61;2
Phenylobacterium sp. enrichment culture clone LplF-80;2
Phenylobacterium sp. URHA0004;2
Phialina salinarum;6
Pholiota squarrosa;1
Phoma herbarum;7
Phycisphaera mikurensis;4
Phyllobacterium;2
Picea;8
Picea abies;8
Pilogalumna rosauraruizae;5
Pinus;8
Piptocephalis graefenhanii;1
Pirellula sp.;4
Pirellula staleyi;4
Pisum;8
Planctomyces;4
Planctomyces sp.;4
Platyophrya;0
Platyophrya bromelicola;0
Platyophrya vorax;0
Platyreta germanica;6
Plectus;6
Plectus aquatilis;6
Pleurochloris meiringensis;4
Pluteus petasatus;1
Pluteus phlebophorus;1
Podura aquatica;5
Polydesmus coriaceus;3
Polygonum;8
Polymyxa graminis;7
Pontibacter;2
Pontibacter sp. LX8;2
Porphyrobacter;2
Porpoloma sp. 2 MSG-2014;1
Poterioochromonas;0
Poterioochromonas malhamensis;0
Poterioochromonas stipitata;0
Pratylenchoides ritteri;7
Pratylenchus;7
Preussia;1
Prismatolaimus;6
Prismatolaimus cf. dolichurus JH-2004;6
Proceropycnis pinicola;1
Prodesmodora circulata;6
Prodorylaimus sp. HHBM-2007a;6
Prorodon;0
Protaphorura armata;5
Protaspis;0
Protaspis obliqua;0
Protocyclidium sinica;0
Protomyces;4
Protoribates hakonensis;3
Prototheca;4
Psathyrella sp. D16;1
Pseudaphelenchus;5
Pseudo-nitzschia heimii;4
Pseudochilodonopsis sp. 3 WS-2013;6
Pseudocyrtolophosis alpestris;0
Pseudomonas;2
Pseudonocardia;2
Pseudoplatynematum denticulatum;0
Pseudoplatyophrya nana;6
Pseudopleurochloris antarctica;4
Pseudouroleptus sp. ALT-2014;6
Pseudovorticella punctata;0
Pseudovorticella sp. 5 PS-2016;0
Psora;1
Pterula echo;1
Pungentus;6
Pungentus sp. PDL-2005;6
Pyrenochaeta sp. GMG_PPb7;1
Pythium;7
Pythium monospermum;7
Pythium rostratifingens;7
Pyxidiophora arvernensis;1
Ralstonia solanacearum;2
Ralstonia sp. JOS55-1;2
Ramariopsis kunzei;1
Ranunculus;8
Rathayibacter;2
Resource::Decaying_wood;4
Resource::Dung;1
Resource::Litter;1
Rhabditis;6
Rhabdolaimus;6
Rheum;8
Rhizobium;2
Rhizoctonia solani;7
Rhizoglyphus;5
Rhizomicrobium;2
Rhizomicrobium sp. URHE0053;2
Rhizophagus;9
Rhizophagus intraradices;9
Rhizophlyctis harderi;1
Rhizophlyctis rosea;1
Rhizophydium;7
Rhizophydium patellarium;1
Rhizophydium planktonicum;4
Rhizophydium sp. JEL136;1
Rhizophydium sp. UGA-F16;1
Rhodanobacter;2
Rhodanobacter sp. D47;2
Rhodococcus;2
Rhodoferax;2
Rhodomicrobium;2
Rhodopila globiformis;2
Rhodoplanes;2
Rhodoplanes sp. Z2-YC6860;2
Rhogostoma;0
Rhogostoma schuessleri;0
Rhogostoma sp. CCAP 1966/4;0
Rhopalosiphum padi;3
Rickettsiella;2
Robertus neglectus;3
Romanomermis sichuanensis;4
Roseiarcus fermentans;2
Rotylenchulus borealis;7
Rotylenchulus reniformis;7
Rotylenchus vitis;7
Rudaea cellulosilytica;2
Rudaea sp. URHD0100;2
Rumex;8
Saccamoeba;0
Saccharomyces cerevisiae;1
Saccobolus dilutellus;1
Salinibacterium sp. CC13L1;2
Salvia nemorosa;8
Sanguibacter;2
Sclerostagonospora sp. CBS 118142;1
Scutellospora alterata;9
Scytinostroma;1
Sediminibacterium;2
Sediminibacterium aquarii;2
Segetibacter;2
Seinura demani;5
Seira barnardi;5
Septoglomus;9
Serpula incrassata;1
Siluania monomastiga;0
Sinapis alba;8
Singulisphaera rosea;4
Sistotrema;1
Sitona lineatus;3
Sminthurides aquaticus;5
Sminthurinus bimaculatus;5
Sminthurus viridis;5
Solirubrobacter;2
Solitalea;2
Sorangium cellulosum;2
Sorghum;8
Spathidium simplinucleatum;6
Sphaerobolus stellatus;1
Sphaeroeca;0
Sphaeroeca volvox;0
Sphenoderia;0
Sphingobacterium;2
Sphingobacterium sp. P-7;2
Sphingobium olei;2
Sphingomonas;2
Sphingomonas changbaiensis;2
Sphingomonas fennica;2
Sphingomonas sp. 52NP12;2
Sphingomonas sp. C0503;2
Sphingomonas sp. DB-II-12;2
Sphingomonas sp. LP105;2
Sphingomonas sp. ML1;2
Sphingomonas sp. NCCP-1295;2
Sphingomonas sp. THG-DN7.10;2
Sphingorhabdus;2
Sphingosinicella sp. YJ22;2
Spirochaeta;4
Spizellomyces;1
Spizellomyces punctatus;1
Sporichthya;2
Sporobolomyces;1
Spumella;0
Spumella lacusvadosi;0
Spumella sp. 37G;0
Spumella sp. CH3;0
Spumella sp. SpiG;0
Spumella vulgaris;0
Staphylococcus;2
Stellaria;8
Stenotrophomonas;2
Stephensia shanorii;1
Steroidobacter;2
Stigmalychus sp. AD1318;3
Stigmatella;2
Stilbocrea macrostoma;1
Streptacidiphilus alcalitolerans;2
Streptomyces;2
Streptomyces abietis;2
Streptomyces sp. PanSC6;2
Streptosporangium;2
Syncephalis depressa;1
Syncephalis fuscata;1
Tachyporus hypnorum;5
Tachysoma pellionellum;0
Talaromyces;1
Taraxacum kok-saghyz;8
Taxus;8
Tectocepheus;5
Tepidisphaera mucosa;4
Teratocephalus terrestris;6
Terracidiphilus gabretensis;4
Terrimonas;2
Terrimonas arctica;2
Terrimonas sp. URHE0054;2
Tetracanthella sp. YB-2012;5
Tetrahymena;0
Tetranychus urticae;3
Tetrodontophora bielanensis;5
Thaumatomastix;0
Thaumatomonas;0
Thecotheus holmskjoldii;4
Thermomonas;2
Tipula abdominalis;3
Tipula cockerelliana;3
Trechispora farinacea;1
Trechus;3
Trechus obtusus;3
Trechus quadristriatus;3
Tribonema;4
Trichocerca rattus;0
Trifolium;8
Trinema;0
Trinema enchelys;0
Trinema lineare;0
Tripyla;6
Trypanosoma;4
Tubeufia helicomyces;1
Tullbergia yosii;5
Tylencholaimus sp. PDL-2005;5
Tylenchus arcuatus;7
Tyrophagus;5
uncultured Acidimicrobium sp.;2
uncultured Acidisphaera sp.;2
uncultured Aciditerrimonas sp.;2
uncultured Acidobacterium sp.;4
uncultured Acidobacterium UA3;4
uncultured Acidothermus sp.;2
uncultured Acidovorax sp.;2
uncultured Actinoallomurus sp.;2
uncultured Actinocatenispora sp.;2
uncultured Actinomyces sp.;2
uncultured Actinoplanes sp.;2
uncultured Adhaeribacter sp.;2
uncultured Altererythrobacter sp.;2
uncultured Aminobacter sp.;2
uncultured Anaeromyxobacter sp.;2
uncultured Arenimonas sp.;2
uncultured Bacillus sp.;2
uncultured Bacteroides sp.;2
uncultured Bdellovibrio sp.;2
uncultured Bellilinea sp.;2
uncultured Blastochloris sp.;2
uncultured Bradyrhizobium sp.;2
uncultured Burkholderia sp.;2
uncultured Byssovorax sp.;2
uncultured Caldilinea sp.;2
uncultured Candidatus Koribacter sp.;4
uncultured Candidatus Microthrix sp.;2
uncultured Candidatus Nephrothrix sp.;2
uncultured Candidatus Nitrosopumilus sp.;2
uncultured Candidatus Solibacter sp.;4
uncultured Caulobacter sp.;2
uncultured Chitinophaga sp.;2
uncultured Chloroflexus sp.;2
uncultured Chondromyces sp.;2
uncultured Comamonas sp.;2
uncultured Conexibacter sp.;2
uncultured Crocinitomix sp.;2
uncultured Cupriavidus sp.;2
uncultured Curvibacter sp.;2
uncultured Cystobacter sp.;2
uncultured Cytophaga sp.;2
uncultured Dactylosporangium sp.;2
uncultured Dehalococcoides sp.;2
uncultured Demequina sp.;2
uncultured Denitratisoma sp.;2
uncultured Derxia sp.;2
uncultured Desulfitobacterium sp.;2
uncultured Desulfotalea sp.;2
uncultured Desulfovibrio sp.;2
uncultured Desulfovirga sp.;2
uncultured Desulfuromonas sp.;2
uncultured Dokdonella sp.;2
uncultured Dongia sp.;2
uncultured Dyella sp.;2
uncultured Edaphobacter sp.;4
uncultured Elusimicrobium sp.;4
uncultured Erythrobacter sp.;2
uncultured Ferribacterium sp.;2
uncultured Ferrimicrobium sp.;2
uncultured Ferrithrix sp.;2
uncultured Ferruginibacter sp.;2
uncultured Fibrobacter sp.;4
uncultured Flavisolibacter sp.;2
uncultured Flavobacterium sp.;2
uncultured Flexibacter sp.;2
uncultured Fluviicola sp.;2
uncultured Frankia sp.;2
uncultured Fusobacterium sp.;4
uncultured Gaiella sp.;2
uncultured Gemmata sp.;4
uncultured Gemmatimonas sp.;4
uncultured Geoalkalibacter sp.;2
uncultured Geobacter sp.;2
uncultured Georgfuchsia sp.;2
uncultured Geothermobacter sp.;2
uncultured Haliangium sp.;2
uncultured Haliea sp.;2
uncultured Haliscomenobacter sp.;2
uncultured Herbaspirillum sp.;2
uncultured Herminiimonas sp.;2
uncultured Holophaga sp.;4
uncultured Hydrogenophaga sp.;2
uncultured Hyphomicrobium sp.;2
uncultured Iamia sp.;2
uncultured Ignavibacterium sp.;4
uncultured Ilumatobacter sp.;2
uncultured Isosphaera sp.;4
uncultured Janibacter sp.;2
uncultured Kineococcus sp.;2
uncultured Kineosporia sp.;2
uncultured Kofleria sp.;2
uncultured Ktedonobacter sp.;2
uncultured Lacibacter sp.;2
uncultured Legionella sp.;2
uncultured Lentzea sp.;2
uncultured Levilinea sp.;2
uncultured Lishizhenia sp.;2
uncultured Longilinea sp.;2
uncultured Luteolibacter sp.;2
uncultured Lysobacter sp.;2
uncultured Malonomonas sp.;2
uncultured Marmoricola sp.;2
uncultured Massilia sp.;2
uncultured Mesorhizobium sp.;2
uncultured Methylobacillus sp.;2
uncultured Methylocapsa sp.;2
uncultured Methylocella sp.;2
uncultured Methylophilus sp.;2
uncultured Methylosinus sp.;2
uncultured Microlunatus sp.;2
uncultured Micromonospora sp.;2
uncultured Microvirga sp.;2
uncultured Moorella sp.;2
uncultured Mucilaginibacter sp.;2
uncultured Mycobacterium sp.;2
uncultured Nannocystis sp.;2
uncultured Niastella sp.;2
uncultured Nitratireductor sp.;2
uncultured Nitrosococcus sp.;2
uncultured Nitrososphaera sp.;2
uncultured Nitrosospira sp.;2
uncultured Nitrospira sp.;4
uncultured Nocardioides sp.;2
uncultured Novosphingobium sp.;2
uncultured Ohtaekwangia sp.;2
uncultured Opitutus sp.;2
uncultured Pasteuria sp.;2
uncultured Pedobacter sp.;2
uncultured Pedomicrobium sp.;2
uncultured Pedosphaera sp.;2
uncultured Pelobacter sp.;2
uncultured Phaselicystis sp.;2
uncultured Phenylobacterium sp.;2
uncultured Pirellula sp.;4
uncultured Planctomyces sp.;4
uncultured Polaromonas sp.;2
uncultured Polyangium sp.;2
uncultured Propionivibrio sp.;2
uncultured Prosthecobacter sp.;2
uncultured Prosthecomicrobium sp.;2
uncultured Pseudolabrys sp.;2
uncultured Pseudomonas sp.;2
uncultured Pseudonocardia sp.;2
uncultured Rhizobium sp.;2
uncultured Rhizomicrobium sp.;2
uncultured Rhodobium sp.;2
uncultured Rhodococcus sp.;2
uncultured Rhodoferax sp.;2
uncultured Rhodomicrobium sp.;2
uncultured Rhodopirellula sp.;4
uncultured Rhodoplanes sp.;2
uncultured Rhodopseudomonas sp.;2
uncultured Rhodothermus sp.;2
uncultured Roseiflexus sp.;2
uncultured Rubrobacter sp.;2
uncultured Saccharibacillus sp.;2
uncultured Saccharophagus sp.;2
uncultured Segetibacter sp.;2
uncultured Singulisphaera sp.;4
uncultured Sinomonas sp.;2
uncultured Skermanella sp.;2
uncultured Solibacter sp.;4
uncultured Solirubrobacter sp.;2
uncultured Solitalea sp.;2
uncultured Sphaerobacter sp.;2
uncultured Sphingobium sp.;2
uncultured Sphingomonas sp.;2
uncultured Sphingosinicella sp.;2
uncultured Sporichthya sp.;2
uncultured Stella sp.;2
uncultured Steroidobacter sp.;2
uncultured Sterolibacterium sp.;2
uncultured Streptomyces sp.;2
uncultured Syntrophobacter sp.;2
uncultured Syntrophus sp.;2
uncultured Terriglobus sp.;4
uncultured Terrimonas sp.;2
uncultured Thermaerobacter sp.;2
uncultured Thermoanaerobacter sp.;2
uncultured Thermoflavimicrobium sp.;2
uncultured Thermoleophilum sp.;2
uncultured Thermomonas sp.;2
uncultured Thiobacillus sp.;2
uncultured Thiohalospira sp.;2
uncultured Thiorhodospira sp.;2
uncultured Turneriella sp.;4
uncultured Verrucomicrobium sp.;2
uncultured Woodsholea sp.;2
uncultured Xanthomonas sp.;2
uncultured Zavarzinella sp.;4
Undibacterium;2
Uropoda orbicularis;5
Urostyla grandis;6
Vampyrella pendula;6
Variibacter gotjawalensis;2
Variovorax;2
Vaucheria terrestris;4
Veigaia;3
Veigaia nemorensis;3
Veigaia sp. 2 APGD-2010;3
Vermamoeba vermiformis;0
Veronica;8
Vertagopus sp. YB-2012;5
Vexillifera;0
Vigna angularis;8
Vorticella campanula;0
Vorticella sp. PPS-2011b;0
Vorticellides;0
Vulgatibacter incomptus;2
Waitea circinata;7
Willowsia nigromaculata;5
Woronina pythii;4
Xanthonema;4
Xanthonema bristolianum;4
Xanthonema sp. 735;4
Xiphinema;7
Xiphinema diversicaudatum;7
Yarrowia lipolytica;1
Yarrowia sp. 25L;1
Zea mays;8
Zoothamnium;0
