retained_tax;class
Ambispora fennica;0
Amplimerlinius;0
Amplimerlinius icarus;0
Anoplophrya marylandensis;0
Archaeospora sp. PODO7.3;0
Archaeospora trappei;0
Beauveria;0
Boleodorus volutus;0
Cetraspora nodosa;0
Chamaedrilus aff. glandulosus A SM-2014;0
Chytridium polysiphoniae;0
Cladosporium;0
Cladosporium sp. CB-20;0
Claroideoglomus claroideum;0
Cordyceps cylindrica;0
Cordyceps memorabilis;0
Cystobasidium;0
Diversispora;0
Diversispora varaderana;0
Enchytraeus norvegicus;0
Entyloma ficariae;0
Fridericia magna;0
Fridericia paroniana;0
Fridericia ratzeli;0
Fridericia sohlenii;0
Funneliformis mosseae;0
Gaeumannomyces graminis;0
Glomus;0
Glomus invermaium;0
Glomus sp. 9 SUN-2011;0
Helicotylenchus;0
Helicotylenchus varicaudatus;0
Herpetomonas;0
Heterodera;0
Hyphochytrium catenoides;0
Isolaimium multistriatum;0
Itersonilia pannonica;0
Itersonilia perplexans;0
Leptosphaeria biglobosa;0
Limonomyces roseipellis;0
Longidorus;0
Longidorus raskii;0
Longidorus vinearum;0
Magnaporthe;0
Marionina sublitoralis;0
Meloidogyne naasi;0
Merlinius brevidens;0
Merlinius cf. microdorus TSH-2005;0
Merlinius joctus;0
Metarhizium;0
Metarhizium anisopliae;0
Monocystis agilis;0
Nitrospira;0
Nitrospira marina;0
Oligoflexus tunisiensis;0
Olpidium bornovanus;0
Olpidium brassicae;0
Palaeospora spainiae;0
Paraglomus;0
Paraglomus brasilianum;0
Paratylenchus;0
Paratylenchus cf. neoamblicephalus;0
Paratylenchus microdorus;0
Paratylenchus similis;0
Phoma herbarum;0
Polymyxa graminis;0
Pratylenchoides ritteri;0
Pratylenchus;0
Protomyces;0
Rhizoctonia solani;0
Rhizophagus;0
Rhizophagus intraradices;0
Rhizophydium;0
Rhizophydium planktonicum;0
Romanomermis sichuanensis;0
Rotylenchulus borealis;0
Rotylenchulus reniformis;0
Rotylenchus vitis;0
Scutellospora alterata;0
Septoglomus;0
Spirochaeta;0
Trypanosoma;0
Tylenchus arcuatus;0
Waitea circinata;0
Woronina pythii;0
Xiphinema;0
Xiphinema diversicaudatum;0
uncultured Elusimicrobium sp.;0
uncultured Fibrobacter sp.;0
uncultured Fusobacterium sp.;0
uncultured Ignavibacterium sp.;0
uncultured Nitrospira sp.;0
uncultured Turneriella sp.;0
Amphimallon solstitiale;1
Aphanomyces;1
Aphidius ervi;1
Aphis;1
Aphodius johnsoni;1
Athous;1
Aulacorthum solani;1
Barynotus moerens;1
Barynotus obscurus;1
Blaberolaelaps sp. APGD-2010;1
Campodea fragilis;1
Choleva angustata;1
Chthonius;1
Chthonius sp. 2 JM-2008;1
Cylindroiulus caeruleocinctus;1
Entomobrya multifasciata;1
Eosentomon sp. FNSA-2002;1
Forficula;1
Forficula auricularia;1
Forficula sp. NC-1995;1
Fridericia;1
Fridericia bisetosa;1
Fridericia christeri;1
Fridericia connata;1
Fridericia galba;1
Fridericia isseli;1
Fridericia sylvatica;1
Gliricola sp. 274;1
Hesperelaea palmeri;1
Lithobius forficatus;1
Lithobius variegatus;1
Lonchoptera lutea;1
Lumbricus centralis;1
Lumbricus friendi;1
Marionina cf. minutissima PDW-2010;1
Marionina filiformis;1
Myrmica scabrinodis;1
Myzus persicae;1
Noctua pronuba;1
Notiophilus rufipes;1
Pemphigus;1
Polydesmus coriaceus;1
Protoribates hakonensis;1
Pythium;1
Pythium monospermum;1
Pythium rostratifingens;1
Rhopalosiphum padi;1
Robertus neglectus;1
Sitona lineatus;1
Tachyporus hypnorum;1
Tetranychus urticae;1
Trechus;1
Trechus obtusus;1
Trechus quadristriatus;1
Acyrthosiphon pisum;2
Agriotes;2
Agriotes sordidus;2
Anystis;2
Bos taurus;2
Bradysia subrufescens;2
Campodea;2
Juncus;2
Tipula abdominalis;2
Tipula cockerelliana;2
Veigaia;2
Veigaia nemorensis;2
Veigaia sp. 2 APGD-2010;2
Achaeta;3
Achaeta affinis;3
Achaeta bifollicula;3
Achaeta cf. bohemica PDW-2010;3
Acrobeles sp.;3
Acrobeloides;3
Alaimus;3
Alicorhagia;3
Alnus;3
Amphidelus cf. pusillus 9 Mile 3-17 LP-02;3
Anatonchus tridentatus;3
Aporcelaimellus sp. 2010_050;3
Basiria;3
Bastiania;3
Bastiania gracilis;3
Buchholzia fallax;3
Calluna vulgaris;3
Cephalobus persegnis;3
Ceratophysella sp. FZ-2014;3
Clarkus;3
Diplogasteroides magnus;3
Discolaimus cf. major HHBM-2007a;3
Ecumenicus;3
Enchytraeus;3
Enchytraeus albidus;3
Enchytraeus buchholzi;3
Enchytraeus christenseni;3
Enchytraeus lacteus;3
Entomobrya sp. 9644 FZ-2013;3
Eucephalobus striatus;3
Eumonhystera;3
Folsomia candida;3
Folsomia quadrioculata;3
Friesea grisea;3
Henlea;3
Histiostoma feroniarum;3
Isotoma viridis;3
Isotomiella minor;3
Lepidocyrtus paradoxus;3
Lepidocyrtus sp. 1 FZ-2013;3
Liochthonius sp. AD1300;3
Marionina;3
Marionina clavata;3
Megalothorax;3
Megalothorax sp. EA040003-cs17;3
Megalothorax sp. EA040004-cs23;3
Megalothorax sp. EA040008-cs9;3
Mesodorylaimus cf. nigritulus AV-2005;3
Mesorhabditis sp. 334Meso1;3
Metateratocephalus;3
Neopsilenchus magnidens;3
Nygolaimus cf. brachyuris JH-2004;3
Odontolaimus;3
Orchesella villosa;3
Panagrolaimus sp. PS443;3
Pilogalumna rosauraruizae;3
Plectus;3
Plectus aquatilis;3
Podura aquatica;3
Prismatolaimus;3
Prismatolaimus cf. dolichurus JH-2004;3
Prodesmodora circulata;3
Prodorylaimus sp. HHBM-2007a;3
Protaphorura armata;3
Pungentus;3
Pungentus sp. PDL-2005;3
Rhabditis;3
Rhabdolaimus;3
Rhizoglyphus;3
Seira barnardi;3
Sminthurides aquaticus;3
Sminthurinus bimaculatus;3
Sminthurus viridis;3
Stigmalychus sp. AD1318;3
Tectocepheus;3
Teratocephalus terrestris;3
Tetracanthella sp. YB-2012;3
Tetrodontophora bielanensis;3
Tripyla;3
Tullbergia yosii;3
Tyrophagus;3
Uropoda orbicularis;3
Vertagopus sp. YB-2012;3
Willowsia nigromaculata;3
Achillea millefolium;4
Amphileptus sp. ZY-2014b;4
Anteholosticha;4
Anteholosticha gracilis;4
Anteholosticha monilata;4
Anteholosticha rectangula;4
Aphelenchoides;4
Aphelenchoides sp. 2137;4
Aphelenchus;4
Aphelenchus avenae;4
Arcuospathidium namibiense;4
Bresslaua vorax;4
Bryometopus pseudochilodon;4
Bryometopus sphagni;4
Canavalia ensiformis;4
Cardamine;4
Caudiholosticha sp. Zlv-2015;4
Caudiholosticha sylvatica;4
Cedrus;4
Cerastium arcticum;4
Conopodium majus;4
Cultellothrix coemeterii;4
Cultellothrix lionotiformis;4
Dactylis glomerata;4
Dileptus microstoma;4
Dileptus sp.;4
Ditylenchus dipsaci;4
Epispathidium sp. RV-2015;4
Epispathidium terricola;4
Euplotes;4
Euplotes balteatus;4
Euplotes qatarensis;4
Euplotes trisulcatus;4
Fallopia multiflora;4
Fuscheria;4
Fuscheria sp. VBOEF-2011;4
Gonostomum;4
Gonostomum namibiense;4
Gonostomum sp. JS-2012;4
Gonostomum strenuum;4
Helianthus annuus;4
Hemiamphisiella terricola;4
Holcus;4
Linum;4
Monilicaryon monilatum;4
Neourostylopsis;4
Nuclearia;4
Otiorhynchus armadillo;4
Persicaria;4
Peyerimhoffia alpina;4
Phacelia tanacetifolia;4
Phialina salinarum;4
Picea abies;4
Pisum;4
Platyreta germanica;4
Polygonum;4
Pseudouroleptus sp. ALT-2014;4
Ranunculus;4
Rheum;4
Salvia nemorosa;4
Seinura demani;4
Sinapis alba;4
Sorghum;4
Spathidium simplinucleatum;4
Stellaria;4
Taraxacum kok-saghyz;4
Taxus;4
Trifolium;4
Tylencholaimus sp. PDL-2005;4
Urostyla grandis;4
Vampyrella pendula;4
Veronica;4
Vigna angularis;4
Zea mays;4
Abies;5
Adineta vaga;5
Apusomonas proboscidea;5
Bardeliella pulchra;5
Bodomorpha;5
Bodomorpha sp. HFCC56;5
Bresslauides discoideus;5
Capsellina sp. ATCC 50039;5
Cercomonas;5
Cercomonas celer;5
Cercomonas fastiga;5
Cercomonas media;5
Cercomonas parincurva;5
Cercomonas radiata;5
Cercomonas rapida;5
Cercomonas sp. ATCC 50367;5
Cercomonas sp. HFCC 905;5
Cercomonas vacuolata;5
Chlamydomyxa labyrinthuloides;5
Codosiga;5
Colpoda;5
Colpoda sp. MD-2011;5
Colpoda sp. PRA-118;5
Corythion dubium;5
Diaphanoeca spiralifurca;5
Echinamoeba exundans;5
Eocercomonas;5
Eocercomonas sp. HFCC 908;5
Eocercomonas sp. HFCC 909;5
Epipyxis pulchra;5
Euglypha;5
Heterophrys sp. Oxford1;5
Homalogastra setosa;5
Lamproderma sp. SAPA:100012;5
Leptomyxa sp. AS-2016b;5
Mallomonas;5
Maryna ovata;5
Massisteria marina;5
Meseres corlissi;5
Mykophagophrys terricola;5
Nolandella;5
Obertrumia georgiana;5
Ochromonas;5
Ochromonas sp. CCMP2761;5
Ochromonas vasocystis;5
Orciraptor agilis;5
Paracercomonas astra;5
Paracercomonas compacta;5
Paracercomonas paralaciniaegerens;5
Paracercomonas sp. HFCC 913;5
Paracercomonas sp. HFCC 918;5
Paraphysomonas;5
Paraphysomonas sp. 22 JMS-2012;5
Paulinella;5
Peregrinia clavideferens;5
Picea;5
Pinus;5
Platyophrya;5
Platyophrya bromelicola;5
Poterioochromonas;5
Poterioochromonas malhamensis;5
Poterioochromonas stipitata;5
Prorodon;5
Protaspis;5
Protaspis obliqua;5
Pseudaphelenchus;5
Pseudochilodonopsis sp. 3 WS-2013;5
Pseudocyrtolophosis alpestris;5
Pseudoplatynematum denticulatum;5
Pseudoplatyophrya nana;5
Pseudovorticella punctata;5
Pseudovorticella sp. 5 PS-2016;5
Rhogostoma;5
Rhogostoma schuessleri;5
Rhogostoma sp. CCAP 1966/4;5
Rumex;5
Saccamoeba;5
Siluania monomastiga;5
Sphaeroeca;5
Sphaeroeca volvox;5
Sphenoderia;5
Spumella lacusvadosi;5
Spumella sp. 37G;5
Spumella sp. CH3;5
Spumella sp. SpiG;5
Spumella vulgaris;5
Tetrahymena;5
Thaumatomastix;5
Trichocerca rattus;5
Trinema;5
Trinema enchelys;5
Vermamoeba vermiformis;5
Vexillifera;5
Vorticella campanula;5
Vorticella sp. PPS-2011b;5
Zoothamnium;5
Absidia glauca;6
Acrospermum;6
Acrospermum gramineum;6
Actinochloris sp. BCP-LG3VF20;6
Allovahlkampfia;6
Apiotrichum;6
Apiotrichum porosum;6
Archaeorhizomyces;6
Archaeorhizomyces borealis;6
Archaeorhizomyces finlayi;6
Articulospora proliferata;6
Ascobolus;6
Ascobolus stercorarius;6
Asterostroma andinum;6
Auxarthron;6
Basidiobolus;6
Bicosoeca petiolata;6
Bisporella citrina;6
Blepharisma;6
Blepharisma hyalinum;6
Bodo;6
Bodomorpha sp. HFCC57;6
Bolbitius vitellinus;6
Botryochloris sp. SiM-2003;6
Boudiera acanthospora;6
Brachyphoris oviparasitica;6
Bracteacoccus;6
Bullera;6
Bumilleriopsis;6
Camarophyllus;6
Campanella subdendrophora;6
Catenaria;6
Caulerpa cupressoides;6
Cercomonas alexieffi;6
Cercomonas braziliensis;6
Cercomonas parambigua;6
Chaetosphaeria ciliata;6
Cheilymenia stercorea;6
Chlorella;6
Chlorella emersonii;6
Chlorellidium tetrabotrys;6
Chromosera;6
Coelastrella saipanensis;6
Colpoda inflata;6
Craterocolla cerasi;6
Cryphonectria parasitica;6
Cryptococcus amylolentus;6
Cyphellophora sessilis;6
Desmodesmus;6
Dictyosporium;6
Dioszegia;6
Dioszegia crocea;6
Dissophora decumbens;6
Endochytrium sp. JEL 324;6
Endogone;6
Endogone lactiflua;6
Endogone sp. OSC T14506;6
Endogone sp. W5994;6
Epistylis;6
Euduboscquella;6
Euglypha rotunda;6
Euglypha tuberculata;6
Filobasidium stepposum;6
Fistulifera;6
Geastrum saccatum;6
Gongronella;6
Gongronella butleri;6
Guepiniopsis buccina;6
Halteromyces radiatus;6
Hantzschia;6
Hantzschia amphioxys;6
Heteromita;6
Hibberdia magna;6
Hodophilus hymenocephalus;6
Holwaya mucida;6
Hyalorbilia sp. HOB-2016a;6
Hygrocybe;6
Hygrocybe reidii;6
Hymenochaetopsis olivacea;6
Hymenoscyphus repandus;6
Hyphodiscus hymeniophilus;6
Hyphodontia rimosissima;6
Iodophanus carneus;6
Jaagiella alpicola;6
Klebsormidium;6
Kuzuhaea moniliformis;6
Lacrymaria marina;6
Leptomyxa reticulata;6
Leptopharynx bromelicola;6
Mayamaea;6
Melastiza contorta;6
Mischococcus sphaerocephalus;6
Monosiga ovata;6
Mortierella;6
Mortierella sp. MS-6;6
Mucor;6
Multiclavula mucida;6
Neobodo designis;6
Nitzschia;6
Nitzschia pusilla;6
Notholca acuminata;6
Orbicula parietina;6
Orbilia sp. HOB-2016am;6
Oxytricha;6
Panaeolus;6
Panorbis viscosus;6
Paracercomonas;6
Paracercomonas filosa;6
Penicillium;6
Penicillium sp. D01;6
Penicillium sp. SDI-2014f;6
Peniophorella praetermissa;6
Phaeosphaeria;6
Pholiota squarrosa;6
Piptocephalis graefenhanii;6
Platyophrya vorax;6
Pleurochloris meiringensis;6
Pluteus petasatus;6
Pluteus phlebophorus;6
Porpoloma sp. 2 MSG-2014;6
Preussia;6
Proceropycnis pinicola;6
Protocyclidium sinica;6
Prototheca;6
Psathyrella sp. D16;6
Pseudo-nitzschia heimii;6
Psora;6
Pterula echo;6
Pyrenochaeta sp. GMG_PPb7;6
Pyxidiophora arvernensis;6
Ramariopsis kunzei;6
Rhizophlyctis harderi;6
Rhizophlyctis rosea;6
Rhizophydium patellarium;6
Rhizophydium sp. JEL136;6
Rhizophydium sp. UGA-F16;6
Saccharomyces cerevisiae;6
Saccobolus dilutellus;6
Sclerostagonospora sp. CBS 118142;6
Scytinostroma;6
Serpula incrassata;6
Sistotrema;6
Sphaerobolus stellatus;6
Spizellomyces;6
Spizellomyces punctatus;6
Sporobolomyces;6
Spumella;6
Stephensia shanorii;6
Stilbocrea macrostoma;6
Syncephalis depressa;6
Syncephalis fuscata;6
Tachysoma pellionellum;6
Talaromyces;6
Thaumatomonas;6
Thecotheus holmskjoldii;6
Trechispora farinacea;6
Trinema lineare;6
Tubeufia helicomyces;6
Vaucheria terrestris;6
Vorticellides;6
Xanthonema bristolianum;6
Yarrowia lipolytica;6
Yarrowia sp. 25L;6
Acidobacterium;7
Acidobacterium sp. pan6;7
Actinocrinis puniceicyclus;7
Actinomadura sp. 1g12710;7
Actinoplanes;7
Adhaeribacter;7
Aeromicrobium panaciterrae;7
Aeromicrobium sp. HJX17;7
Aetherobacter;7
Angustibacter luteus;7
Arenimonas;7
Arenimonas daechungensis;7
Arthrobacter;7
Azospirillum sp. T2-YC6788;7
Bacillus;7
Bacteriovorax sp. PNEc1;7
Bdellovibrio exovorus;7
Blastococcus sp. URHB0062;7
Blastococcus sp. URHD0003;7
Bradyrhizobium sp. URHC0015;7
Brevundimonas;7
Burkholderia;7
Burkholderia cepacia;7
Candidatus Koribacter versatilis;7
Candidatus Solibacter usitatus;7
Catellatospora sp. KC-EP-S6;7
Catenulispora;7
Catenulispora graminis;7
Caulobacter fusiformis;7
Cellulomonas;7
Cephaloticoccus;7
Chitinophaga;7
Chitinophaga oryziterrae;7
Chitinophaga pinensis;7
Chlamydomonas;7
Chlamydomonas philotes;7
Chlamydomonas reinhardtii;7
Chlorellidium;7
Chlorococcum;7
Clavibacter;7
Clostridium;7
Conexibacter;7
Cytophaga hutchinsonii;7
Dactylosporangium;7
Dechlorospirillum sp. SN1;7
Delftia;7
Demequina sp. CMS382;7
Desulfuromonas;7
Diaphorobacter sp. NPG-14;7
Dinobryon;7
Dokdonella ginsengisoli;7
Dongia;7
Dongia sp. CB 286422;7
Duganella;7
Duganella sp. 2M1lan;7
Duganella sp. JPPB B33;7
Dyadobacter;7
Edaphobacter;7
Edaphobacter dinghuensis;7
Ferruginibacter;7
Ferruginibacter paludis;7
Ferruginibacter sp. WF24;7
Flavisolibacter;7
Flavisolibacter rigui;7
Flavobacterium;7
Flavobacterium hydatis;7
Flavobacterium sp. HL-17;7
Flavobacterium sp. PDD-32b-56;7
Flavobacterium sp. R-38392;7
Flavosolibacter sp. HU1-JC5;7
Fluviicola;7
Fluviicola sp. YS 1.2.4;7
Frigoribacterium sp. B1-25c-3;7
Gaiella;7
Gaiella occulta;7
Gemmata;7
Gemmata obscuriglobus;7
Gemmata sp. Fl1-1;7
Geobacter;7
Geobacter anodireducens;7
Geodermatophilus sp. Z2R53;7
Geothrix;7
Granulicella paludicola;7
Herbaspirillum;7
Heterococcus caespitosus;7
Holophaga sp. oral clone CA002;7
Humibacter sp. Po15c;7
Hydrocarboniphaga;7
Hydrogenophaga;7
Hyphomicrobium;7
Janthinobacterium;7
Jatrophihabitans;7
Kribbella;7
Kribbella sp. enrichment culture clone VanCtr42;7
Ktedonobacter sp. enrichment culture clone CTBE CDB1001H01;7
Kutzneria;7
Labrys;7
Legionella;7
Legionella lytica;7
Leifsonia sp. A5AGK;7
Luticola permuticopsis;7
Lysobacter sp. RHLT3-4;7
Magnetospirillum;7
Martelella endophytica;7
Massilia;7
Mayamaea sp. KAS1111;7
Methanomassiliicoccus sp. P27;7
Methylosinus sporium;7
Micractinium;7
Moraxella osloensis;7
Mucilaginibacter sp. HME7565;7
Mycobacterium sp. PSY065;7
Mycoplana sp. HP12Q;7
Nakamurella;7
Nakamurella sp. A24MTO;7
Nannochloris sp. JL 4-6;7
Nitrososphaera;7
Nocardioides;7
Nocardioides sp.;7
Novosphingobium;7
Novosphingobium sp.;7
Occallatibacter riparius;7
Ochrobactrum anthropi;7
Oikomonas sp. SA-2.1;7
Oricola cellulosilytica;7
Palmellopsis sp. BCP-EM1VF1;7
Panacibacter ginsenosidivorans;7
Parafilimonas terrae;7
Paucimonas lemoignei;7
Pedobacter;7
Pedobacter luteus;7
Pedobacter sp. FGR-05;7
Pelobacter;7
Pelomonas sp. CR2;7
Pelomonas sp. K89;7
Pentapharsodinium tyrrhenicum;7
Phenylobacterium lituiforme;7
Phenylobacterium sp. B6.10-61;7
Phyllobacterium;7
Pirellula sp.;7
Planctomyces;7
Planctomyces sp.;7
Pontibacter sp. LX8;7
Porphyrobacter;7
Pseudonocardia;7
Pseudopleurochloris antarctica;7
Ralstonia sp. JOS55-1;7
Rhizomicrobium;7
Rhizomicrobium sp. URHE0053;7
Rhodanobacter;7
Rhodanobacter sp. D47;7
Rhodococcus;7
Rhodopila globiformis;7
Rhodoplanes;7
Rickettsiella;7
Rudaea cellulosilytica;7
Salinibacterium sp. CC13L1;7
Sediminibacterium;7
Sediminibacterium aquarii;7
Segetibacter;7
Singulisphaera rosea;7
Solirubrobacter;7
Solitalea;7
Sorangium cellulosum;7
Sphingobium olei;7
Sphingomonas changbaiensis;7
Sphingomonas sp. 52NP12;7
Sphingomonas sp. C0503;7
Sphingomonas sp. DB-II-12;7
Sphingomonas sp. ML1;7
Sphingorhabdus;7
Sphingosinicella sp. YJ22;7
Sporichthya;7
Streptacidiphilus alcalitolerans;7
Streptomyces abietis;7
Streptomyces sp. PanSC6;7
Streptosporangium;7
Tepidisphaera mucosa;7
Terracidiphilus gabretensis;7
Terrimonas;7
Terrimonas arctica;7
Terrimonas sp. URHE0054;7
Thermomonas;7
Tribonema;7
Undibacterium;7
Variovorax;7
Vulgatibacter incomptus;7
Xanthonema;7
Xanthonema sp. 735;7
uncultured Acidimicrobium sp.;7
uncultured Acidobacterium UA3;7
uncultured Acidobacterium sp.;7
uncultured Acidothermus sp.;7
uncultured Actinocatenispora sp.;7
uncultured Actinoplanes sp.;7
uncultured Adhaeribacter sp.;7
uncultured Altererythrobacter sp.;7
uncultured Aminobacter sp.;7
uncultured Arenimonas sp.;7
uncultured Bacteroides sp.;7
uncultured Blastochloris sp.;7
uncultured Bradyrhizobium sp.;7
uncultured Caldilinea sp.;7
uncultured Candidatus Koribacter sp.;7
uncultured Candidatus Microthrix sp.;7
uncultured Candidatus Solibacter sp.;7
uncultured Chitinophaga sp.;7
uncultured Chloroflexus sp.;7
uncultured Comamonas sp.;7
uncultured Crocinitomix sp.;7
uncultured Cystobacter sp.;7
uncultured Cytophaga sp.;7
uncultured Dactylosporangium sp.;7
uncultured Dehalococcoides sp.;7
uncultured Denitratisoma sp.;7
uncultured Derxia sp.;7
uncultured Desulfitobacterium sp.;7
uncultured Desulfotalea sp.;7
uncultured Desulfovibrio sp.;7
uncultured Desulfovirga sp.;7
uncultured Desulfuromonas sp.;7
uncultured Dongia sp.;7
uncultured Dyella sp.;7
uncultured Edaphobacter sp.;7
uncultured Ferribacterium sp.;7
uncultured Ferrimicrobium sp.;7
uncultured Flavisolibacter sp.;7
uncultured Flavobacterium sp.;7
uncultured Fluviicola sp.;7
uncultured Frankia sp.;7
uncultured Gaiella sp.;7
uncultured Gemmata sp.;7
uncultured Gemmatimonas sp.;7
uncultured Geobacter sp.;7
uncultured Haliea sp.;7
uncultured Herbaspirillum sp.;7
uncultured Herminiimonas sp.;7
uncultured Holophaga sp.;7
uncultured Hydrogenophaga sp.;7
uncultured Hyphomicrobium sp.;7
uncultured Ilumatobacter sp.;7
uncultured Isosphaera sp.;7
uncultured Janibacter sp.;7
uncultured Kineococcus sp.;7
uncultured Kofleria sp.;7
uncultured Ktedonobacter sp.;7
uncultured Lacibacter sp.;7
uncultured Legionella sp.;7
uncultured Levilinea sp.;7
uncultured Lishizhenia sp.;7
uncultured Longilinea sp.;7
uncultured Luteolibacter sp.;7
uncultured Lysobacter sp.;7
uncultured Malonomonas sp.;7
uncultured Marmoricola sp.;7
uncultured Methylocapsa sp.;7
uncultured Methylophilus sp.;7
uncultured Microlunatus sp.;7
uncultured Microvirga sp.;7
uncultured Moorella sp.;7
uncultured Mucilaginibacter sp.;7
uncultured Mycobacterium sp.;7
uncultured Niastella sp.;7
uncultured Nitratireductor sp.;7
uncultured Nitrosococcus sp.;7
uncultured Nitrosospira sp.;7
uncultured Opitutus sp.;7
uncultured Pedobacter sp.;7
uncultured Pedosphaera sp.;7
uncultured Pelobacter sp.;7
uncultured Phenylobacterium sp.;7
uncultured Planctomyces sp.;7
uncultured Polaromonas sp.;7
uncultured Polyangium sp.;7
uncultured Propionivibrio sp.;7
uncultured Prosthecobacter sp.;7
uncultured Pseudolabrys sp.;7
uncultured Pseudomonas sp.;7
uncultured Rhodococcus sp.;7
uncultured Rhodoferax sp.;7
uncultured Rhodomicrobium sp.;7
uncultured Rhodopirellula sp.;7
uncultured Rhodothermus sp.;7
uncultured Roseiflexus sp.;7
uncultured Rubrobacter sp.;7
uncultured Saccharophagus sp.;7
uncultured Singulisphaera sp.;7
uncultured Sinomonas sp.;7
uncultured Skermanella sp.;7
uncultured Solibacter sp.;7
uncultured Sphaerobacter sp.;7
uncultured Sphingobium sp.;7
uncultured Sphingosinicella sp.;7
uncultured Sporichthya sp.;7
uncultured Stella sp.;7
uncultured Sterolibacterium sp.;7
uncultured Streptomyces sp.;7
uncultured Syntrophobacter sp.;7
uncultured Syntrophus sp.;7
uncultured Terriglobus sp.;7
uncultured Terrimonas sp.;7
uncultured Thermoleophilum sp.;7
uncultured Thermomonas sp.;7
uncultured Thiobacillus sp.;7
uncultured Thiohalospira sp.;7
uncultured Xanthomonas sp.;7
uncultured Zavarzinella sp.;7
Acinetobacter;8
Actinoplanes sp. IR51-RC111;8
Aeromicrobium sp. RODSPM17;8
Aggregicoccus edonensis;8
Agromyces;8
Altererythrobacter;8
Altererythrobacter buctense;8
Altererythrobacter sp. 100921-2;8
Amycolatopsis tolypomycina;8
Anaeromyxobacter;8
Aquihabitans daechungensis;8
Arenimonas sp. HMF3017;8
Bdellovibrio;8
Blastococcus;8
Bradyrhizobium;8
Bradyrhizobium sp. Shinshu-th2;8
Caenimonas sp. TSX9-5;8
Candidatus Nitrosocosmicus;8
Candidatus Nitrososphaera gargensis;8
Candidatus Solibacter;8
Caulobacter;8
Caulobacter profundus;8
Cellvibrio;8
Cenarchaeum symbiosum;8
Chitinophaga sp. BN130233;8
Chryseobacterium;8
Chthoniobacter flavus;8
Dechloromonas;8
Devosia;8
Devosia sp. P-37;8
Emticicia sp. KJ033;8
Fibrella sp.;8
Flavobacterium sp. BF134;8
Gemmatimonas;8
Geobacter sp. enrichment culture clone VanCtr1;8
Geodermatophilus;8
Georgfuchsia toluolica;8
Janibacter;8
Kineosporia;8
Leifsonia;8
Luedemannella sp. 119-1-07;8
Luteimonas aestuarii;8
Lysobacter sp. MS6Y-8-7;8
Lysobacter sp. YS-37;8
Marmoricola;8
Mesorhizobium;8
Methanomassiliicoccus sp. 138;8
Methanomassiliicoccus sp. 142;8
Methylobacterium;8
Methylosinus trichosporium;8
Microbacterium;8
Microvirga;8
Mucilaginibacter;8
Mucilaginibacter sp. UA-VH0703;8
Mycobacterium;8
Niastella;8
Nocardia;8
Nocardioides sp. MSL 24;8
Nocardioides sp. RW28;8
Nocardioides sp. SSRB28-7;8
Nonomuraea;8
Opitutus;8
Oryzihumus;8
Paenibacillus;8
Pedomicrobium;8
Pedosphaera parvula;8
Perlucidibaca;8
Phenylobacterium;8
Phenylobacterium sp. URHA0004;8
Phenylobacterium sp. enrichment culture clone LplF-80;8
Phycisphaera mikurensis;8
Pirellula staleyi;8
Pontibacter;8
Pseudomonas;8
Ralstonia solanacearum;8
Rathayibacter;8
Rhizobium;8
Rhodoferax;8
Rhodomicrobium;8
Rhodoplanes sp. Z2-YC6860;8
Roseiarcus fermentans;8
Rudaea sp. URHD0100;8
Sanguibacter;8
Sphingobacterium;8
Sphingobacterium sp. P-7;8
Sphingomonas;8
Sphingomonas fennica;8
Sphingomonas sp. LP105;8
Sphingomonas sp. NCCP-1295;8
Sphingomonas sp. THG-DN7.10;8
Staphylococcus;8
Stenotrophomonas;8
Steroidobacter;8
Stigmatella;8
Streptomyces;8
Variibacter gotjawalensis;8
uncultured Acidisphaera sp.;8
uncultured Aciditerrimonas sp.;8
uncultured Acidovorax sp.;8
uncultured Actinoallomurus sp.;8
uncultured Actinomyces sp.;8
uncultured Anaeromyxobacter sp.;8
uncultured Bacillus sp.;8
uncultured Bdellovibrio sp.;8
uncultured Bellilinea sp.;8
uncultured Burkholderia sp.;8
uncultured Byssovorax sp.;8
uncultured Candidatus Nephrothrix sp.;8
uncultured Candidatus Nitrosopumilus sp.;8
uncultured Caulobacter sp.;8
uncultured Chondromyces sp.;8
uncultured Conexibacter sp.;8
uncultured Cupriavidus sp.;8
uncultured Curvibacter sp.;8
uncultured Demequina sp.;8
uncultured Dokdonella sp.;8
uncultured Erythrobacter sp.;8
uncultured Ferrithrix sp.;8
uncultured Ferruginibacter sp.;8
uncultured Flexibacter sp.;8
uncultured Geoalkalibacter sp.;8
uncultured Georgfuchsia sp.;8
uncultured Geothermobacter sp.;8
uncultured Haliangium sp.;8
uncultured Haliscomenobacter sp.;8
uncultured Iamia sp.;8
uncultured Kineosporia sp.;8
uncultured Lentzea sp.;8
uncultured Massilia sp.;8
uncultured Mesorhizobium sp.;8
uncultured Methylobacillus sp.;8
uncultured Methylocella sp.;8
uncultured Methylosinus sp.;8
uncultured Micromonospora sp.;8
uncultured Nannocystis sp.;8
uncultured Nitrososphaera sp.;8
uncultured Nocardioides sp.;8
uncultured Novosphingobium sp.;8
uncultured Ohtaekwangia sp.;8
uncultured Pasteuria sp.;8
uncultured Pedomicrobium sp.;8
uncultured Phaselicystis sp.;8
uncultured Pirellula sp.;8
uncultured Prosthecomicrobium sp.;8
uncultured Pseudonocardia sp.;8
uncultured Rhizobium sp.;8
uncultured Rhizomicrobium sp.;8
uncultured Rhodobium sp.;8
uncultured Rhodoplanes sp.;8
uncultured Rhodopseudomonas sp.;8
uncultured Saccharibacillus sp.;8
uncultured Segetibacter sp.;8
uncultured Solirubrobacter sp.;8
uncultured Solitalea sp.;8
uncultured Sphingomonas sp.;8
uncultured Steroidobacter sp.;8
uncultured Thermaerobacter sp.;8
uncultured Thermoanaerobacter sp.;8
uncultured Thermoflavimicrobium sp.;8
uncultured Thiorhodospira sp.;8
uncultured Verrucomicrobium sp.;8
uncultured Woodsholea sp.;8
Resource::Decaying_wood;9
Resource::Dung;9
Resource::Litter;9
